{"count":1,"self":660.41733119999992,"total":8594.3642544,"children":{"InitializeActuators":{"count":45,"self":0.0010004999999999999,"total":0.0010004999999999999,"children":null},"InitializeSensors":{"count":45,"self":0.0030007,"total":0.0030007,"children":null},"AgentSendState":{"count":453317,"self":274.8477952,"total":414.61680609999996,"children":{"CollectObservations":{"count":4079880,"self":2.5496347999999998,"total":2.5496347999999998,"children":null},"WriteActionMask":{"count":4079880,"self":2.3808534,"total":2.3808534,"children":null},"RequestDecision":{"count":4079880,"self":8.5608016,"total":134.8385197,"children":{"AgentInfo.ToProto":{"count":4079880,"self":6.8044639999999994,"total":126.2777182,"children":{"GenerateSensorData":{"count":4079880,"self":103.9063552,"total":119.47325459999999,"children":{"RayPerceptionSensor.Perceive":{"count":16319520,"self":15.566897599999999,"total":15.566897899999999,"children":null}}}}}}}}},"DecideAction":{"count":453317,"self":4743.8757888,"total":4743.8758773,"children":null},"AgentAct":{"count":453317,"self":2774.7571712,"total":2775.2732029999997,"children":{"AgentInfo.ToProto":{"count":10538,"self":0.0459997,"total":0.5159946,"children":{"GenerateSensorData":{"count":10538,"self":0.4110063,"total":0.4699949,"children":{"RayPerceptionSensor.Perceive":{"count":42152,"self":0.058988599999999995,"total":0.058988599999999995,"children":null}}}}}}},"AgentInfo.ToProto":{"count":3249,"self":0.0149971,"total":0.173012,"children":{"GenerateSensorData":{"count":3249,"self":0.1430179,"total":0.15801489999999999,"children":{"RayPerceptionSensor.Perceive":{"count":12996,"self":0.014997,"total":0.014997,"children":null}}}}}},"gauges":{"Hummingbird.CumulativeReward":{"count":13787,"max":755.8517,"min":-15.7202415,"runningAverage":674.790161,"value":18.9813824,"weightedAverage":562.421448}},"metadata":{"timer_format_version":"0.1.0","start_time_seconds":"1621273330","unity_version":"2021.1.6f1","command_line_arguments":"C:\\Program Files\\Unity\\Hub\\Editor\\2021.1.6f1\\Editor\\Unity.exe -projectpath C:\/Users\/franc\/Documents\/Unity Hub Projects AI ML\/ma-unity\/2DTorusRaycast_Optimiz -useHub -hubIPC -cloudEnvironment production -hubSessionId 77f5bff0-b328-11eb-8ff9-03b629f1c522 -accessToken UFt8GDYColUIbZPRNR68E9eDRiy2aXkmGgTb63eI-MQ008f","communication_protocol_version":"1.5.0","com.unity.ml-agents_version":"2.0.0-exp.1","scene_name":"2D_Torus_WithYaw","end_time_seconds":"1621281924"}}