{"count":1,"self":496.437504,"total":5145.2376157,"children":{"InitializeActuators":{"count":45,"self":0.0019998999999999998,"total":0.0019998999999999998,"children":null},"InitializeSensors":{"count":45,"self":0.0070003999999999995,"total":0.0070003999999999995,"children":null},"AgentSendState":{"count":547551,"self":359.2450816,"total":538.955574,"children":{"CollectObservations":{"count":4927995,"self":4.7737032,"total":4.7737029999999994,"children":null},"WriteActionMask":{"count":4927995,"self":2.6969399999999997,"total":2.6969399999999997,"children":null},"RequestDecision":{"count":4927995,"self":11.4285,"total":172.2398455,"children":{"AgentInfo.ToProto":{"count":4927995,"self":9.8927824,"total":160.8113454,"children":{"GenerateSensorData":{"count":4927995,"self":131.0261504,"total":150.9185632,"children":{"RayPerceptionSensor.Perceive":{"count":19711980,"self":19.8924096,"total":19.8924099,"children":null}}}}}}}}},"DecideAction":{"count":547551,"self":3978.3059455999996,"total":3978.3060043,"children":null},"AgentAct":{"count":547551,"self":130.89360639999998,"total":131.37553459999998,"children":{"AgentInfo.ToProto":{"count":9585,"self":0.0589875,"total":0.4819265,"children":{"GenerateSensorData":{"count":9585,"self":0.37194269999999996,"total":0.42293899999999995,"children":{"RayPerceptionSensor.Perceive":{"count":38340,"self":0.050996299999999994,"total":0.050996299999999994,"children":null}}}}}}},"AgentInfo.ToProto":{"count":2405,"self":0.0269978,"total":0.15300139999999998,"children":{"GenerateSensorData":{"count":2405,"self":0.11500389999999999,"total":0.1260036,"children":{"RayPerceptionSensor.Perceive":{"count":9620,"self":0.0109997,"total":0.0109997,"children":null}}}}}},"gauges":{"Hummingbird.CumulativeReward":{"count":11990,"max":801.76,"min":-0.150000513,"runningAverage":671.5018,"value":738.916443,"weightedAverage":738.739868}},"metadata":{"timer_format_version":"0.1.0","start_time_seconds":"1621603949","unity_version":"2021.1.6f1","command_line_arguments":"C:\\Program Files\\Unity\\Hub\\Editor\\2021.1.6f1\\Editor\\Unity.exe -projectpath D:\/Unity Hub Projects AI ML\/ma-unity\/2DTorusRaycast_Optimiz -useHub -hubIPC -cloudEnvironment production -hubSessionId 77f5bff0-b328-11eb-8ff9-03b629f1c522 -accessToken rr7xWXIgfXRpvCAzJYywpeznU2ITemMZjq2LHi1njcw008f","communication_protocol_version":"1.5.0","com.unity.ml-agents_version":"2.0.0-exp.1","scene_name":"2D_Torus_WithYaw","end_time_seconds":"1621609095"}}