{"count":1,"self":157632.4562944,"total":159270.0429563,"children":{"InitializeActuators":{"count":45,"self":0.001,"total":0.001,"children":null},"InitializeSensors":{"count":45,"self":0.0030009,"total":0.0030009,"children":null},"AgentSendState":{"count":136284,"self":97.013472,"total":140.11007379999998,"children":{"CollectObservations":{"count":1226565,"self":0.89192739999999993,"total":0.89192739999999993,"children":null},"WriteActionMask":{"count":1226565,"self":0.7769676,"total":0.7769676,"children":null},"RequestDecision":{"count":1226565,"self":2.8700764,"total":41.4277053,"children":{"AgentInfo.ToProto":{"count":1226565,"self":2.2980072,"total":38.5576289,"children":{"GenerateSensorData":{"count":1226565,"self":31.3778176,"total":36.2596218,"children":{"RayPerceptionSensor.Perceive":{"count":4906260,"self":4.8818052,"total":4.8818052,"children":null}}}}}}}}},"DecideAction":{"count":136284,"self":1455.9645696,"total":1455.9645272999999,"children":null},"AgentAct":{"count":136284,"self":41.2542912,"total":41.4952782,"children":{"AgentInfo.ToProto":{"count":5511,"self":0.0239985,"total":0.24098789999999998,"children":{"GenerateSensorData":{"count":5511,"self":0.1909904,"total":0.2169894,"children":{"RayPerceptionSensor.Perceive":{"count":22044,"self":0.025998999999999998,"total":0.025998999999999998,"children":null}}}}}}},"AgentInfo.ToProto":{"count":154,"self":0,"total":0.008329099999999999,"children":{"GenerateSensorData":{"count":154,"self":0.0060116,"total":0.008329099999999999,"children":{"RayPerceptionSensor.Perceive":{"count":616,"self":0.0023174999999999997,"total":0.0023174999999999997,"children":null}}}}}},"gauges":{"Hummingbird.CumulativeReward":{"count":5665,"max":808.375061,"min":-0.0008894801,"runningAverage":748.665,"value":744.570557,"weightedAverage":751.982544}},"metadata":{"timer_format_version":"0.1.0","start_time_seconds":"1621444677","unity_version":"2021.1.6f1","command_line_arguments":"C:\\Program Files\\Unity\\Hub\\Editor\\2021.1.6f1\\Editor\\Unity.exe -projectpath D:\/Unity Hub Projects AI ML\/ma-unity\/2DTorusRaycast_Optimiz -useHub -hubIPC -cloudEnvironment production -hubSessionId 77f5bff0-b328-11eb-8ff9-03b629f1c522 -accessToken rr7xWXIgfXRpvCAzJYywpeznU2ITemMZjq2LHi1njcw008f","communication_protocol_version":"1.5.0","com.unity.ml-agents_version":"2.0.0-exp.1","scene_name":"2D_Torus_WithYaw","end_time_seconds":"1621603947"}}