{"count":1,"self":112.03422719999999,"total":212.56038809999998,"children":{"InitializeActuators":{"count":1,"self":0.0010008,"total":0.0010008,"children":null},"InitializeSensors":{"count":1,"self":0.0019974,"total":0.0019974,"children":null},"AgentSendState":{"count":213759,"self":5.2143312,"total":5.4799763,"children":{"CollectObservations":{"count":42752,"self":0.059004999999999995,"total":0.059004999999999995,"children":null},"WriteActionMask":{"count":42752,"self":0.045613999999999995,"total":0.045613999999999995,"children":null},"RequestDecision":{"count":42752,"self":0.161026,"total":0.161026,"children":null}}},"DecideAction":{"count":213759,"self":91.5911296,"total":91.9200147,"children":{"RayPerceptionSensor.Perceive":{"count":171008,"self":0.32888239999999996,"total":0.32888239999999996,"children":null}}},"AgentAct":{"count":213759,"self":3.1201703999999997,"total":3.1201703,"children":null}},"gauges":{"Hummingbird.CumulativeReward":{"count":30,"max":776.1763,"min":548.0098,"runningAverage":660.7505,"value":716.7497,"weightedAverage":661.776}},"metadata":{"timer_format_version":"0.1.0","start_time_seconds":"1621365006","unity_version":"2021.1.6f1","command_line_arguments":"D:\\Unity Hub Projects AI ML\\ma-unity\\builds\\run21\\basic0.exe","communication_protocol_version":"1.5.0","com.unity.ml-agents_version":"2.0.0-exp.1","scene_name":"2D_Torus_WithYaw","end_time_seconds":"1621365218"}}