{"count":1,"self":9411.6118527999988,"total":141963.29947159998,"children":{"InitializeActuators":{"count":1,"self":0.0009973,"total":0.0009973,"children":null},"InitializeSensors":{"count":1,"self":0.018660899999999998,"total":0.018660899999999998,"children":null},"AgentSendState":{"count":45704903,"self":43823.67744,"total":49683.374482,"children":{"CollectObservations":{"count":9140981,"self":1385.9273727999998,"total":1385.9273418999999,"children":null},"WriteActionMask":{"count":9140981,"self":10.9706304,"total":10.970630199999999,"children":null},"RequestDecision":{"count":9140981,"self":53.9232448,"total":4462.8005435,"children":{"AgentInfo.ToProto":{"count":9140981,"self":47.627590399999995,"total":4408.8773001,"children":{"GenerateSensorData":{"count":9140981,"self":4361.2495872,"total":4361.2497091999994,"children":null}}}}}}},"DecideAction":{"count":45704903,"self":79824.20459519999,"total":79824.206139,"children":null},"AgentAct":{"count":45704903,"self":3042.8409856,"total":3043.9901885,"children":{"AgentInfo.ToProto":{"count":2285,"self":0.0079811,"total":1.149254,"children":{"GenerateSensorData":{"count":2285,"self":1.1412729,"total":1.1412729,"children":null}}}}}},"gauges":{"Drone.CumulativeReward":{"count":2285,"max":-275.0081,"min":-3768.60669,"runningAverage":-360.307068,"value":-303.675842,"weightedAverage":-331.339722}},"metadata":{"timer_format_version":"0.1.0","start_time_seconds":"1633016449","unity_version":"2020.3.13f1","command_line_arguments":"D:\\Unity Hub Projects AI ML\\builds\\drone3D_run61\\mse-dreamscape.exe -nographics -batchmode --mlagents-port 5006 -logFile D:\\Unity Hub Projects AI ML\\results\\ExplorerDrone.61\\run_logs\\Player-1.log","communication_protocol_version":"1.5.0","com.unity.ml-agents_version":"2.0.0-exp.1","scene_name":"run61_BaseAgent","end_time_seconds":"1633158411"}}