{
    "name": "root",
    "gauges": {
        "Hummingbird.Policy.Entropy.mean": {
            "value": 1.4598475694656372,
            "min": 1.418938398361206,
            "max": 1.4598475694656372,
            "count": 16
        },
        "Hummingbird.Policy.Entropy.sum": {
            "value": 10014.5546875,
            "min": 342.3669128417969,
            "max": 28690.93359375,
            "count": 16
        },
        "Hummingbird.Environment.EpisodeLength.mean": {
            "value": 999.0,
            "min": 664.5,
            "max": 999.0,
            "count": 14
        },
        "Hummingbird.Environment.EpisodeLength.sum": {
            "value": 10989.0,
            "min": 3835.0,
            "max": 19905.0,
            "count": 14
        },
        "Hummingbird.Step.mean": {
            "value": 191832.0,
            "min": 11106.0,
            "max": 191832.0,
            "count": 16
        },
        "Hummingbird.Step.sum": {
            "value": 191832.0,
            "min": 11106.0,
            "max": 191832.0,
            "count": 16
        },
        "Hummingbird.Policy.ExtrinsicValueEstimate.mean": {
            "value": -57.71290969848633,
            "min": -57.71290969848633,
            "max": 0.08916618674993515,
            "count": 16
        },
        "Hummingbird.Policy.ExtrinsicValueEstimate.sum": {
            "value": -692.554931640625,
            "min": -692.554931640625,
            "max": 1.0699942111968994,
            "count": 16
        },
        "Hummingbird.Environment.CumulativeReward.mean": {
            "value": -512.400006612142,
            "min": -528.9250055948893,
            "max": -426.58125553280115,
            "count": 16
        },
        "Hummingbird.Environment.CumulativeReward.sum": {
            "value": -6148.800079345703,
            "min": -6825.300088524818,
            "max": -5652.500022888184,
            "count": 16
        },
        "Hummingbird.Policy.ExtrinsicReward.mean": {
            "value": -512.400006612142,
            "min": -528.9250055948893,
            "max": -426.58125553280115,
            "count": 16
        },
        "Hummingbird.Policy.ExtrinsicReward.sum": {
            "value": -6148.800079345703,
            "min": -6825.300088524818,
            "max": -5652.500022888184,
            "count": 16
        },
        "Hummingbird.IsTraining.mean": {
            "value": 1.0,
            "min": 1.0,
            "max": 1.0,
            "count": 16
        },
        "Hummingbird.IsTraining.sum": {
            "value": 1.0,
            "min": 1.0,
            "max": 1.0,
            "count": 16
        },
        "Hummingbird.Losses.PolicyLoss.mean": {
            "value": 0.07257996964290982,
            "min": 0.06621248550037713,
            "max": 0.07485386535989723,
            "count": 9
        },
        "Hummingbird.Losses.PolicyLoss.sum": {
            "value": 0.07257996964290982,
            "min": 0.06621248550037713,
            "max": 0.07485386535989723,
            "count": 9
        },
        "Hummingbird.Losses.ValueLoss.mean": {
            "value": 1.1330898495917583,
            "min": 1.1330898495917583,
            "max": 7.542580086569632,
            "count": 9
        },
        "Hummingbird.Losses.ValueLoss.sum": {
            "value": 1.1330898495917583,
            "min": 1.1330898495917583,
            "max": 7.542580086569632,
            "count": 9
        },
        "Hummingbird.Policy.LearningRate.mean": {
            "value": 0.0002481504172832001,
            "min": 0.0002481504172832001,
            "max": 0.0002942682019106,
            "count": 9
        },
        "Hummingbird.Policy.LearningRate.sum": {
            "value": 0.0002481504172832001,
            "min": 0.0002481504172832001,
            "max": 0.0002942682019106,
            "count": 9
        },
        "Hummingbird.Policy.Epsilon.mean": {
            "value": 0.18271680000000004,
            "min": 0.18271680000000004,
            "max": 0.19808940000000005,
            "count": 9
        },
        "Hummingbird.Policy.Epsilon.sum": {
            "value": 0.18271680000000004,
            "min": 0.18271680000000004,
            "max": 0.19808940000000005,
            "count": 9
        },
        "Hummingbird.Policy.Beta.mean": {
            "value": 0.0008288963199999997,
            "min": 0.0008288963199999997,
            "max": 0.0009810850599999998,
            "count": 9
        },
        "Hummingbird.Policy.Beta.sum": {
            "value": 0.0008288963199999997,
            "min": 0.0008288963199999997,
            "max": 0.0009810850599999998,
            "count": 9
        }
    },
    "metadata": {
        "timer_format_version": "0.1.0",
        "start_time_seconds": "1620831640",
        "python_version": "3.7.4 (tags/v3.7.4:e09359112e, Jul  8 2019, 20:34:20) [MSC v.1916 64 bit (AMD64)]",
        "command_line_arguments": "C:\\Users\\franc\\AppData\\Local\\Programs\\Python\\Python37\\Scripts\\mlagents-learn config\\hummingbird_ppo.yaml --run-id=HB-moveToFlowerBasic-ppo3",
        "mlagents_version": "0.26.0",
        "mlagents_envs_version": "0.26.0",
        "communication_protocol_version": "1.5.0",
        "pytorch_version": "1.7.1+cu110",
        "numpy_version": "1.20.1",
        "end_time_seconds": "1620831831"
    },
    "total": 190.99741980000002,
    "count": 1,
    "self": 0.005619400000000496,
    "children": {
        "run_training.setup": {
            "total": 0.11125929999999995,
            "count": 1,
            "self": 0.11125929999999995
        },
        "TrainerController.start_learning": {
            "total": 190.88054110000002,
            "count": 1,
            "self": 1.2292909000018426,
            "children": {
                "TrainerController._reset_env": {
                    "total": 4.5191596,
                    "count": 1,
                    "self": 4.5191596
                },
                "TrainerController.advance": {
                    "total": 185.03832229999819,
                    "count": 10316,
                    "self": 0.12465749999881837,
                    "children": {
                        "env_step": {
                            "total": 184.91366479999937,
                            "count": 10316,
                            "self": 117.0035070999982,
                            "children": {
                                "SubprocessEnvManager._take_step": {
                                    "total": 67.78151389999965,
                                    "count": 10316,
                                    "self": 0.6247832999995921,
                                    "children": {
                                        "TorchPolicy.evaluate": {
                                            "total": 67.15673060000006,
                                            "count": 10247,
                                            "self": 15.181677299999592,
                                            "children": {
                                                "TorchPolicy.sample_actions": {
                                                    "total": 51.97505330000047,
                                                    "count": 10247,
                                                    "self": 51.97505330000047
                                                }
                                            }
                                        }
                                    }
                                },
                                "workers": {
                                    "total": 0.12864380000150888,
                                    "count": 10315,
                                    "self": 0.0,
                                    "children": {
                                        "worker_root": {
                                            "total": 185.94359309999894,
                                            "count": 10315,