{
    "name": "root",
    "gauges": {
        "Hummingbird.Policy.Entropy.mean": {
            "value": 3.206122398376465,
            "min": 3.1816344261169434,
            "max": 3.28857159614563,
            "count": 29
        },
        "Hummingbird.Policy.Entropy.sum": {
            "value": 32125.345703125,
            "min": 30863.21875,
            "max": 37884.34375,
            "count": 29
        },
        "Hummingbird.Step.mean": {
            "value": 289960.0,
            "min": 9984.0,
            "max": 289960.0,
            "count": 29
        },
        "Hummingbird.Step.sum": {
            "value": 289960.0,
            "min": 9984.0,
            "max": 289960.0,
            "count": 29
        },
        "Hummingbird.Policy.ExtrinsicValueEstimate.mean": {
            "value": 4.5029826164245605,
            "min": -0.10142076015472412,
            "max": 7.333873271942139,
            "count": 29
        },
        "Hummingbird.Policy.ExtrinsicValueEstimate.sum": {
            "value": 729.483154296875,
            "min": -15.821639060974121,
            "max": 1179.696044921875,
            "count": 29
        },
        "Hummingbird.Losses.PolicyLoss.mean": {
            "value": 0.2780145586472591,
            "min": 0.19274965416306608,
            "max": 0.3825542966630849,
            "count": 29
        },
        "Hummingbird.Losses.PolicyLoss.sum": {
            "value": 2.224116469178073,
            "min": 1.1564979249783964,
            "max": 3.0572627601272884,
            "count": 29
        },
        "Hummingbird.Losses.ValueLoss.mean": {
            "value": 39.594730965444754,
            "min": 8.250605853926391,
            "max": 232.62254652098943,
            "count": 29
        },
        "Hummingbird.Losses.ValueLoss.sum": {
            "value": 316.75784772355803,
            "min": 66.00484683141113,
            "max": 1860.9803721679154,
            "count": 29
        },
        "Hummingbird.Policy.LearningRate.mean": {
            "value": 0.0001291392569536,
            "min": 0.0001291392569536,
            "max": 0.00029692800102399996,
            "count": 29
        },
        "Hummingbird.Policy.LearningRate.sum": {
            "value": 0.0010331140556288,
            "min": 0.0010331140556288,
            "max": 0.0020424865191712,
            "count": 29
        },
        "Hummingbird.Policy.Epsilon.mean": {
            "value": 0.14304640000000002,
            "min": 0.14304640000000002,
            "max": 0.19897600000000001,
            "count": 29
        },
        "Hummingbird.Policy.Epsilon.sum": {
            "value": 1.1443712000000001,
            "min": 0.844983,
            "max": 1.5395614000000006,
            "count": 29
        },
        "Hummingbird.Policy.Beta.mean": {
            "value": 0.012919615360000001,
            "min": 0.012919615360000001,
            "max": 0.029692902400000002,
            "count": 29
        },
        "Hummingbird.Policy.Beta.sum": {
            "value": 0.10335692288000001,
            "min": 0.10335692288000001,
            "max": 0.20426055712000002,
            "count": 29
        },
        "Hummingbird.IsTraining.mean": {
            "value": 1.0,
            "min": 1.0,
            "max": 1.0,
            "count": 29
        },
        "Hummingbird.IsTraining.sum": {
            "value": 1.0,
            "min": 1.0,
            "max": 1.0,
            "count": 29
        },
        "Hummingbird.Environment.EpisodeLength.mean": {
            "value": 799.0,
            "min": 499.0,
            "max": 799.0,
            "count": 25
        },
        "Hummingbird.Environment.EpisodeLength.sum": {
            "value": 9588.0,
            "min": 568.0,
            "max": 23970.0,
            "count": 25
        },
        "Hummingbird.Environment.CumulativeReward.mean": {
            "value": 26.18762429555257,
            "min": -1.0,
            "max": 430.9602527618408,
            "count": 25
        },
        "Hummingbird.Environment.CumulativeReward.sum": {
            "value": 314.25149154663086,
            "min": -2.0,
            "max": 4085.7473945617676,
            "count": 25
        },
        "Hummingbird.Policy.ExtrinsicReward.mean": {
            "value": 26.18762429555257,
            "min": -1.0,
            "max": 430.9602527618408,
            "count": 25
        },
        "Hummingbird.Policy.ExtrinsicReward.sum": {
            "value": 314.25149154663086,
            "min": -2.0,
            "max": 4085.7473945617676,
            "count": 25
        }
    },
    "metadata": {
        "timer_format_version": "0.1.0",
        "start_time_seconds": "1621242554",
        "python_version": "3.7.4 (tags/v3.7.4:e09359112e, Jul  8 2019, 20:34:20) [MSC v.1916 64 bit (AMD64)]",
        "command_line_arguments": "C:\\Users\\franc\\AppData\\Local\\Programs\\Python\\Python37\\Scripts\\mlagents-learn config\\hummingbird_torus\\ppo128x2_mem.yaml --run-id=2DTorusWithYaw.15",
        "mlagents_version": "0.26.0",
        "mlagents_envs_version": "0.26.0",
        "communication_protocol_version": "1.5.0",
        "pytorch_version": "1.7.1+cu110",
        "numpy_version": "1.20.1",
        "end_time_seconds": "1621242830"
    },
    "total": 276.2663631,
    "count": 1,
    "self": 0.006631300000037754,
    "children": {
        "run_training.setup": {
            "total": 0.11301709999999998,
            "count": 1,
            "self": 0.11301709999999998
        },
        "TrainerController.start_learning": {
            "total": 276.14671469999996,
            "count": 1,
            "self": 0.6655426999992073,
            "children": {
                "TrainerController._reset_env": {
                    "total": 2.4555543,
                    "count": 1,
                    "self": 2.4555543
                },
                "TrainerController.advance": {
                    "total": 272.87434480000076,
                    "count": 10125,
                    "self": 0.13547970000144005,
                    "children": {
                        "env_step": {
                            "total": 272.7388650999993,
                            "count": 10125,
                            "self": 184.37737029999775,
                            "children": {
                                "SubprocessEnvManager._take_step": {
                                    "total": 88.20613690000158,
                                    "count": 10125,
                                    "self": 1.0687579000026233,
                                    "children": {
                                        "TorchPolicy.evaluate": {
                                            "total": 87.13737899999896,
                                            "count": 10014,
                                            "self": 15.642932199998583,
                                            "children": {
                                                "TorchPolicy.sample_actions": {
                                                    "total": 71.49444680000038,
                                                    "count": 10014,
                                                    "self": 71.49444680000038
                                                }
                                            }
                                        }
                                    }
                                },
                                "workers": {
                                    "total": 0.15535789999998206,
                                    "count": 10124,
                                    "self": 0.0,
                                    "children": {
                                        "worker_root": {
                                            "total": 274.0584037999995,
                                            "count": 10124,
                                            "is_parallel": true,