{
    "name": "root",
    "gauges": {
        "Hummingbird.Policy.Entropy.mean": {
            "value": 2.6931726932525635,
            "min": 2.686033248901367,
            "max": 3.2886617183685303,
            "count": 50
        },
        "Hummingbird.Policy.Entropy.sum": {
            "value": 27147.1796875,
            "min": 25704.201171875,
            "max": 37885.3828125,
            "count": 50
        },
        "Hummingbird.Step.mean": {
            "value": 499999.0,
            "min": 9984.0,
            "max": 499999.0,
            "count": 50
        },
        "Hummingbird.Step.sum": {
            "value": 499999.0,
            "min": 9984.0,
            "max": 499999.0,
            "count": 50
        },
        "Hummingbird.Policy.ExtrinsicValueEstimate.mean": {
            "value": 86.94950866699219,
            "min": 2.9892919063568115,
            "max": 87.6396255493164,
            "count": 50
        },
        "Hummingbird.Policy.ExtrinsicValueEstimate.sum": {
            "value": 15303.11328125,
            "min": 466.32952880859375,
            "max": 15303.11328125,
            "count": 50
        },
        "Hummingbird.Losses.PolicyLoss.mean": {
            "value": 0.4326345896577954,
            "min": 0.35746249666821855,
            "max": 0.5118810674986215,
            "count": 50
        },
        "Hummingbird.Losses.PolicyLoss.sum": {
            "value": 3.8937113069201583,
            "min": 2.3689994142280844,
            "max": 4.606929607487594,
            "count": 50
        },
        "Hummingbird.Losses.ValueLoss.mean": {
            "value": 5316.86049194336,
            "min": 279.5779567894009,
            "max": 5337.923502491139,
            "count": 50
        },
        "Hummingbird.Losses.ValueLoss.sum": {
            "value": 47851.74442749024,
            "min": 1781.2589249416355,
            "max": 48041.31152242025,
            "count": 50
        },
        "Hummingbird.Policy.LearningRate.mean": {
            "value": 2.9903656699111115e-06,
            "min": 2.9903656699111115e-06,
            "max": 0.00029692800102399996,
            "count": 50
        },
        "Hummingbird.Policy.LearningRate.sum": {
            "value": 2.6913291029200005e-05,
            "min": 2.6913291029200005e-05,
            "max": 0.0021874063708646,
            "count": 50
        },
        "Hummingbird.Policy.Epsilon.mean": {
            "value": 0.10099675555555558,
            "min": 0.10099675555555558,
            "max": 0.19897600000000001,
            "count": 50
        },
        "Hummingbird.Policy.Epsilon.sum": {
            "value": 0.9089708000000002,
            "min": 0.839995,
            "max": 1.6291354,
            "count": 50
        },
        "Hummingbird.Policy.Beta.mean": {
            "value": 0.00030892699111111115,
            "min": 0.00030892699111111115,
            "max": 0.029692902400000002,
            "count": 50
        },
        "Hummingbird.Policy.Beta.sum": {
            "value": 0.0027803429200000005,
            "min": 0.0027803429200000005,
            "max": 0.21875770645999998,
            "count": 50
        },
        "Hummingbird.IsTraining.mean": {
            "value": 1.0,
            "min": 1.0,
            "max": 1.0,
            "count": 50
        },
        "Hummingbird.IsTraining.sum": {
            "value": 1.0,
            "min": 1.0,
            "max": 1.0,
            "count": 50
        },
        "Hummingbird.Environment.EpisodeLength.mean": {
            "value": 264.7837837837838,
            "min": 264.7837837837838,
            "max": 1819.3846153846155,
            "count": 48
        },
        "Hummingbird.Environment.EpisodeLength.sum": {
            "value": 9797.0,
            "min": 963.0,
            "max": 23652.0,
            "count": 48
        },
        "Hummingbird.Environment.CumulativeReward.mean": {
            "value": 1484.9409420251845,
            "min": 1045.5112391312916,
            "max": 1500.9270699818928,
            "count": 48
        },
        "Hummingbird.Environment.CumulativeReward.sum": {
            "value": 59397.637681007385,
            "min": 1123.9467582702637,
            "max": 59397.637681007385,
            "count": 48
        },
        "Hummingbird.Policy.ExtrinsicReward.mean": {
            "value": 1484.9409420251845,
            "min": 1045.5112391312916,
            "max": 1500.9270699818928,
            "count": 48
        },
        "Hummingbird.Policy.ExtrinsicReward.sum": {
            "value": 59397.637681007385,
            "min": 1123.9467582702637,
            "max": 59397.637681007385,
            "count": 48
        }
    },
    "metadata": {
        "timer_format_version": "0.1.0",
        "start_time_seconds": "1621177795",
        "python_version": "3.7.4 (tags/v3.7.4:e09359112e, Jul  8 2019, 20:34:20) [MSC v.1916 64 bit (AMD64)]",
        "command_line_arguments": "C:\\Users\\franc\\AppData\\Local\\Programs\\Python\\Python37\\Scripts\\mlagents-learn config\\hummingbird_torus\\ppo128x3_mem.yaml --run-id=2DTorusWithYaw.3",
        "mlagents_version": "0.26.0",
        "mlagents_envs_version": "0.26.0",
        "communication_protocol_version": "1.5.0",
        "pytorch_version": "1.7.1+cu110",
        "numpy_version": "1.20.1",
        "end_time_seconds": "1621178312"
    },
    "total": 517.1451189999999,
    "count": 1,
    "self": 0.008816099999876315,
    "children": {
        "run_training.setup": {
            "total": 0.11136220000000008,
            "count": 1,
            "self": 0.11136220000000008
        },
        "TrainerController.start_learning": {
            "total": 517.0249407,
            "count": 1,
            "self": 0.6046801999982563,
            "children": {
                "TrainerController._reset_env": {
                    "total": 7.0426932,
                    "count": 1,
                    "self": 7.0426932
                },
                "TrainerController.advance": {
                    "total": 509.2304232000017,
                    "count": 17627,
                    "self": 0.2726322000000323,
                    "children": {
                        "env_step": {
                            "total": 508.9577910000017,
                            "count": 17627,
                            "self": 362.83269720000703,
                            "children": {
                                "SubprocessEnvManager._take_step": {
                                    "total": 145.84993799999907,
                                    "count": 17627,
                                    "self": 2.0197059999995304,
                                    "children": {
                                        "TorchPolicy.evaluate": {
                                            "total": 143.83023199999954,
                                            "count": 16726,
                                            "self": 31.405782900003445,
                                            "children": {
                                                "TorchPolicy.sample_actions": {
                                                    "total": 112.4244490999961,
                                                    "count": 16726,
                                                    "self": 112.4244490999961
                                                }
                                            }
                                        }
                                    }
                                },
                                "workers": {
                                    "total": 0.2751557999955683,
                                    "count": 17627,
                                    "self": 0.0,
                                    "children": {
                                        "worker_root": {
                                            "total": 510.44306129999774,
                                            "count": 17627,