{
    "name": "root",
    "gauges": {
        "Hummingbird.Policy.Entropy.mean": {
            "value": 3.2677571773529053,
            "min": 3.2310054302215576,
            "max": 3.28831148147583,
            "count": 74
        },
        "Hummingbird.Policy.Entropy.sum": {
            "value": 31860.6328125,
            "min": 30470.029296875,
            "max": 37881.34765625,
            "count": 74
        },
        "Hummingbird.Step.mean": {
            "value": 739994.0,
            "min": 9984.0,
            "max": 739994.0,
            "count": 74
        },
        "Hummingbird.Step.sum": {
            "value": 739994.0,
            "min": 9984.0,
            "max": 739994.0,
            "count": 74
        },
        "Hummingbird.Policy.ExtrinsicValueEstimate.mean": {
            "value": 6.5218048095703125,
            "min": 0.6050363183021545,
            "max": 16.10322380065918,
            "count": 74
        },
        "Hummingbird.Policy.ExtrinsicValueEstimate.sum": {
            "value": 1063.05419921875,
            "min": 94.38566589355469,
            "max": 2592.619140625,
            "count": 74
        },
        "Hummingbird.Losses.PolicyLoss.mean": {
            "value": 0.2815085012343237,
            "min": 0.21788793844073856,
            "max": 0.4178511430507541,
            "count": 74
        },
        "Hummingbird.Losses.PolicyLoss.sum": {
            "value": 2.2520680098745895,
            "min": 1.3566141403454821,
            "max": 3.752080154317189,
            "count": 74
        },
        "Hummingbird.Losses.ValueLoss.mean": {
            "value": 54.212755028352454,
            "min": 10.69309826012856,
            "max": 226.32930532308325,
            "count": 74
        },
        "Hummingbird.Losses.ValueLoss.sum": {
            "value": 433.70204022681963,
            "min": 64.15858956077136,
            "max": 1584.3051372615828,
            "count": 74
        },
        "Hummingbird.Policy.LearningRate.mean": {
            "value": 0.00027793602735466,
            "min": 0.00027793602735466,
            "max": 0.0002998464000512,
            "count": 74
        },
        "Hummingbird.Policy.LearningRate.sum": {
            "value": 0.00222348821883728,
            "min": 0.0017504726565091195,
            "max": 0.0025960278346573995,
            "count": 74
        },
        "Hummingbird.Policy.Epsilon.mean": {
            "value": 0.19264534,
            "min": 0.19264534,
            "max": 0.1999488,
            "count": 74
        },
        "Hummingbird.Policy.Epsilon.sum": {
            "value": 1.54116272,
            "min": 1.18349088,
            "max": 1.7653425999999999,
            "count": 74
        },
        "Hummingbird.Policy.Beta.mean": {
            "value": 0.02779433746599999,
            "min": 0.02779433746599999,
            "max": 0.029984645120000004,
            "count": 74
        },
        "Hummingbird.Policy.Beta.sum": {
            "value": 0.22235469972799993,
            "min": 0.175048914912,
            "max": 0.25960624574,
            "count": 74
        },
        "Hummingbird.IsTraining.mean": {
            "value": 1.0,
            "min": 1.0,
            "max": 1.0,
            "count": 74
        },
        "Hummingbird.IsTraining.sum": {
            "value": 1.0,
            "min": 1.0,
            "max": 1.0,
            "count": 74
        },
        "Hummingbird.Environment.EpisodeLength.mean": {
            "value": 799.0,
            "min": 518.0,
            "max": 799.0,
            "count": 67
        },
        "Hummingbird.Environment.EpisodeLength.sum": {
            "value": 10387.0,
            "min": 1036.0,
            "max": 23970.0,
            "count": 67
        },
        "Hummingbird.Environment.CumulativeReward.mean": {
            "value": 70.19578456878662,
            "min": -10.0,
            "max": 236.8053451538086,
            "count": 67
        },
        "Hummingbird.Environment.CumulativeReward.sum": {
            "value": 842.3494148254395,
            "min": -20.0,
            "max": 4031.67950797081,
            "count": 67
        },
        "Hummingbird.Policy.ExtrinsicReward.mean": {
            "value": 70.19578456878662,
            "min": -10.0,
            "max": 236.8053451538086,
            "count": 67
        },
        "Hummingbird.Policy.ExtrinsicReward.sum": {
            "value": 842.3494148254395,
            "min": -20.0,
            "max": 4031.67950797081,
            "count": 67
        }
    },
    "metadata": {
        "timer_format_version": "0.1.0",
        "start_time_seconds": "1621192873",
        "python_version": "3.7.4 (tags/v3.7.4:e09359112e, Jul  8 2019, 20:34:20) [MSC v.1916 64 bit (AMD64)]",
        "command_line_arguments": "C:\\Users\\franc\\AppData\\Local\\Programs\\Python\\Python37\\Scripts\\mlagents-learn config\\hummingbird_torus\\ppo128x3_mem.yaml --run-id=2DTorusWithYaw.11.InsidePlusCombinedRewardWallPenaltyIncreased",
        "mlagents_version": "0.26.0",
        "mlagents_envs_version": "0.26.0",
        "communication_protocol_version": "1.5.0",
        "pytorch_version": "1.7.1+cu110",
        "numpy_version": "1.20.1",
        "end_time_seconds": "1621193642"
    },
    "total": 768.6217320000001,
    "count": 1,
    "self": 0.0058297000001630295,
    "children": {
        "run_training.setup": {
            "total": 0.1217802,
            "count": 1,
            "self": 0.1217802
        },
        "TrainerController.start_learning": {
            "total": 768.4941220999999,
            "count": 1,
            "self": 1.2237866000083386,
            "children": {
                "TrainerController._reset_env": {
                    "total": 18.641952200000002,
                    "count": 1,
                    "self": 18.641952200000002
                },
                "TrainerController.advance": {
                    "total": 748.4836778999916,
                    "count": 25503,
                    "self": 0.38690249999308435,
                    "children": {
                        "env_step": {
                            "total": 748.0967753999985,
                            "count": 25503,
                            "self": 515.0296836999936,
                            "children": {
                                "SubprocessEnvManager._take_step": {
                                    "total": 232.672085300002,
                                    "count": 25503,
                                    "self": 2.926926599997188,
                                    "children": {
                                        "TorchPolicy.evaluate": {
                                            "total": 229.74515870000482,
                                            "count": 25031,
                                            "self": 49.172603300003004,
                                            "children": {
                                                "TorchPolicy.sample_actions": {
                                                    "total": 180.57255540000182,
                                                    "count": 25031,
                                                    "self": 180.57255540000182
                                                }
                                            }
                                        }
                                    }
                                },
                                "workers": {
                                    "total": 0.39500640000284193,
                                    "count": 25502,
                                    "self": 0.0,
                                    "children": {
                                        "worker_root": {
                                            "total": 749.6930079999943,
                                            "count": 25502,
                                            "is_parallel": true,