{
    "name": "root",
    "gauges": {
        "MoveToGoal.Policy.Entropy.mean": {
            "value": 1.3418256044387817,
            "min": 1.3418256044387817,
            "max": 1.4133861064910889,
            "count": 8
        },
        "MoveToGoal.Policy.Entropy.sum": {
            "value": 67144.953125,
            "min": 67144.953125,
            "max": 71602.140625,
            "count": 8
        },
        "MoveToGoal.Step.mean": {
            "value": 399990.0,
            "min": 49974.0,
            "max": 399990.0,
            "count": 8
        },
        "MoveToGoal.Step.sum": {
            "value": 399990.0,
            "min": 49974.0,
            "max": 399990.0,
            "count": 8
        },
        "MoveToGoal.Policy.ExtrinsicValueEstimate.mean": {
            "value": 0.9134244322776794,
            "min": 0.2293686419725418,
            "max": 1.1684397459030151,
            "count": 8
        },
        "MoveToGoal.Policy.ExtrinsicValueEstimate.sum": {
            "value": 2387.69140625,
            "min": 237.39654541015625,
            "max": 2387.69140625,
            "count": 8
        },
        "MoveToGoal.Environment.EpisodeLength.mean": {
            "value": 18.128156082631982,
            "min": 18.128156082631982,
            "max": 199.0,
            "count": 8
        },
        "MoveToGoal.Environment.EpisodeLength.sum": {
            "value": 47387.0,
            "min": 47387.0,
            "max": 50347.0,
            "count": 8
        },
        "MoveToGoal.Environment.CumulativeReward.mean": {
            "value": 1.0,
            "min": -0.21370967741935484,
            "max": 1.0,
            "count": 8
        },
        "MoveToGoal.Environment.CumulativeReward.sum": {
            "value": 2614.0,
            "min": -53.0,
            "max": 2614.0,
            "count": 8
        },
        "MoveToGoal.Policy.ExtrinsicReward.mean": {
            "value": 1.0,
            "min": -0.21370967741935484,
            "max": 1.0,
            "count": 8
        },
        "MoveToGoal.Policy.ExtrinsicReward.sum": {
            "value": 2614.0,
            "min": -53.0,
            "max": 2614.0,
            "count": 8
        },
        "MoveToGoal.Losses.PolicyLoss.mean": {
            "value": 0.021739244041964412,
            "min": 0.0217128482585152,
            "max": 0.02463560676939475,
            "count": 8
        },
        "MoveToGoal.Losses.PolicyLoss.sum": {
            "value": 0.08695697616785765,
            "min": 0.08695697616785765,
            "max": 0.12107837603737912,
            "count": 8
        },
        "MoveToGoal.Losses.ValueLoss.mean": {
            "value": 0.0003177644228950764,
            "min": 0.0003177644228950764,
            "max": 0.05518495236368228,
            "count": 8
        },
        "MoveToGoal.Losses.ValueLoss.sum": {
            "value": 0.0012710576915803055,
            "min": 0.0012710576915803055,
            "max": 0.22073980945472912,
            "count": 8
        },
        "MoveToGoal.Policy.LearningRate.mean": {
            "value": 7.49184750272e-05,
            "min": 7.49184750272e-05,
            "max": 0.00028440450519849993,
            "count": 8
        },
        "MoveToGoal.Policy.LearningRate.sum": {
            "value": 0.0002996739001088,
            "min": 0.0002996739001088,
            "max": 0.0012830556723148,
            "count": 8
        },
        "MoveToGoal.Policy.Epsilon.mean": {
            "value": 0.12497280000000001,
            "min": 0.12497280000000001,
            "max": 0.19480150000000002,
            "count": 8
        },
        "MoveToGoal.Policy.Epsilon.sum": {
            "value": 0.49989120000000004,
            "min": 0.49989120000000004,
            "max": 0.9276852000000001,
            "count": 8
        },
        "MoveToGoal.Policy.Beta.mean": {
            "value": 0.0012561427200000002,
            "min": 0.0012561427200000002,
            "max": 0.004740594849999999,
            "count": 8
        },
        "MoveToGoal.Policy.Beta.sum": {
            "value": 0.005024570880000001,
            "min": 0.005024570880000001,
            "max": 0.021391491479999997,
            "count": 8
        },
        "MoveToGoal.IsTraining.mean": {
            "value": 1.0,
            "min": 1.0,
            "max": 1.0,
            "count": 8
        },
        "MoveToGoal.IsTraining.sum": {
            "value": 1.0,
            "min": 1.0,
            "max": 1.0,
            "count": 8
        }
    },
    "metadata": {
        "timer_format_version": "0.1.0",
        "start_time_seconds": "1620631606",
        "python_version": "3.7.4 (tags/v3.7.4:e09359112e, Jul  8 2019, 20:34:20) [MSC v.1916 64 bit (AMD64)]",
        "command_line_arguments": "C:\\Users\\franc\\AppData\\Local\\Programs\\Python\\Python37\\Scripts\\mlagents-learn --run-id=MoveToGoal --force",
        "mlagents_version": "0.26.0",
        "mlagents_envs_version": "0.26.0",
        "communication_protocol_version": "1.5.0",
        "pytorch_version": "1.7.1+cu110",
        "numpy_version": "1.20.1",
        "end_time_seconds": "1620631919"
    },
    "total": 312.9893173,
    "count": 1,
    "self": 0.007544199999983903,
    "children": {
        "run_training.setup": {
            "total": 0.13258369999999997,
            "count": 1,
            "self": 0.13258369999999997
        },
        "TrainerController.start_learning": {
            "total": 312.8491894,
            "count": 1,
            "self": 0.5621279999986655,
            "children": {
                "TrainerController._reset_env": {
                    "total": 9.263896500000001,
                    "count": 1,
                    "self": 9.263896500000001
                },
                "TrainerController.advance": {
                    "total": 302.9593381000013,
                    "count": 30655,
                    "self": 0.586942400002954,
                    "children": {
                        "env_step": {
                            "total": 181.51816509999506,
                            "count": 30655,
                            "self": 141.69250689999444,
                            "children": {
                                "SubprocessEnvManager._take_step": {
                                    "total": 39.451879199999645,
                                    "count": 30655,
                                    "self": 1.3193350999989448,
                                    "children": {
                                        "TorchPolicy.evaluate": {
                                            "total": 38.1325441000007,
                                            "count": 22101,
                                            "self": 14.594236000002763,
                                            "children": {
                                                "TorchPolicy.sample_actions": {
                                                    "total": 23.538308099997938,
                                                    "count": 22101,
                                                    "self": 23.538308099997938
                                                }
                                            }
                                        }
                                    }
                                },
                                "workers": {
                                    "total": 0.3737790000009884,
                                    "count": 30654,
                                    "self": 0.0,
                                    "children": {
                                        "worker_root": {
                                            "total": 303.52644440000006,
                                            "count": 30654,
                                            "is_parallel": true,
                                            "self": 197.0284282000004,