{"count":1,"self":13905.151590399999,"total":97179.836525099992,"children":{"AgentSendState":{"count":50000653,"self":119.21192959999999,"total":1505.5368171999999,"children":{"CollectObservations":{"count":10000131,"self":1292.3201536,"total":1292.3201213,"children":null},"CollectDiscreteActionMasks":{"count":10000131,"self":6.2274952,"total":6.2274949999999993,"children":null},"AgentInfo.ToProto":{"count":10000131,"self":30.784319999999997,"total":87.7772708,"children":{"GenerateSensorData":{"count":10000131,"self":56.9929536,"total":56.992951399999995,"children":null}}}}},"DecideAction":{"count":50000653,"self":80169.09434879999,"total":80169.0975693,"children":null},"AgentAct":{"count":50000653,"self":1600.0082943999998,"total":1600.0483164,"children":{"AgentInfo.ToProto":{"count":5000,"self":0.012000799999999999,"total":0.0400021,"children":{"GenerateSensorData":{"count":5000,"self":0.0280013,"total":0.0280013,"children":null}}}}}},"gauges":{"DroneBehavior.CumulativeReward":{"count":5000,"max":228.159683,"min":-1279.81238,"runningAverage":128.87175,"value":170.78981,"weightedAverage":160.878983}},"metadata":{"timer_format_version":"0.1.0","start_time_seconds":"1623676446","unity_version":"2021.1.6f1","command_line_arguments":"D:\\Unity Hub Projects AI ML\\ma-unity\\2DTorusRaycast\\..\\builds\\drone\\drone.exe --mlagents-port 5005 -logFile D:\\Unity Hub Projects AI ML\\ma-unity\\2DTorusRaycast\\results\\ExplorerDrone.5\\run_logs\\Player-0.log","communication_protocol_version":"1.0.0","com.unity.ml-agents_version":"1.0.7","scene_name":"Drone","end_time_seconds":"1623773626"}}