{
    "name": "root",
    "gauges": {
        "Hummingbird.Policy.Entropy.mean": {
            "value": 2.039640188217163,
            "min": 1.9122732877731323,
            "max": 2.039640188217163,
            "count": 7
        },
        "Hummingbird.Policy.Entropy.sum": {
            "value": 40670.42578125,
            "min": 27039.544921875,
            "max": 40670.42578125,
            "count": 7
        },
        "Hummingbird.Step.mean": {
            "value": 599962.0,
            "min": 479966.0,
            "max": 599962.0,
            "count": 7
        },
        "Hummingbird.Step.sum": {
            "value": 599962.0,
            "min": 479966.0,
            "max": 599962.0,
            "count": 7
        },
        "Hummingbird.Policy.ExtrinsicValueEstimate.mean": {
            "value": -49.069942474365234,
            "min": -49.66009521484375,
            "max": -48.38566589355469,
            "count": 7
        },
        "Hummingbird.Policy.ExtrinsicValueEstimate.sum": {
            "value": -15996.80078125,
            "min": -16170.236328125,
            "max": -9943.556640625,
            "count": 7
        },
        "Hummingbird.Environment.EpisodeLength.mean": {
            "value": 713.75,
            "min": 260.2,
            "max": 799.0,
            "count": 7
        },
        "Hummingbird.Environment.EpisodeLength.sum": {
            "value": 17130.0,
            "min": 1301.0,
            "max": 28839.0,
            "count": 7
        },
        "Hummingbird.Losses.PolicyLoss.mean": {
            "value": 0.2469687101183588,
            "min": 0.16643238300949936,
            "max": 0.2596222258471101,
            "count": 7
        },
        "Hummingbird.Losses.PolicyLoss.sum": {
            "value": 3.951499361893741,
            "min": 1.6643238300949936,
            "max": 4.413577839400872,
            "count": 7
        },
        "Hummingbird.Losses.ValueLoss.mean": {
            "value": 3.252809614300161,
            "min": 0.0028081044506406113,
            "max": 9.938797579541841,
            "count": 7
        },
        "Hummingbird.Losses.ValueLoss.sum": {
            "value": 52.044953828802576,
            "min": 0.04492967121024978,
            "max": 168.9595588522113,
            "count": 7
        },
        "Hummingbird.Policy.LearningRate.mean": {
            "value": 0.0002823124033958675,
            "min": 0.0002823124033958675,
            "max": 0.00028577889474037,
            "count": 7
        },
        "Hummingbird.Policy.LearningRate.sum": {
            "value": 0.00451699845433388,
            "min": 0.0028577889474037,
            "max": 0.00482972673009112,
            "count": 7
        },
        "Hummingbird.Policy.Epsilon.mean": {
            "value": 0.19410413250000003,
            "min": 0.19410413250000003,
            "max": 0.19525963000000002,
            "count": 7
        },
        "Hummingbird.Policy.Epsilon.sum": {
            "value": 3.1056661200000004,
            "min": 1.9525963000000002,
            "max": 3.30990888,
            "count": 7
        },
        "Hummingbird.Policy.Beta.mean": {
            "value": 0.028231829336749996,
            "min": 0.028231829336749996,
            "max": 0.028578363037,
            "count": 7
        },
        "Hummingbird.Policy.Beta.sum": {
            "value": 0.45170926938799993,
            "min": 0.28578363037,
            "max": 0.48298167311199997,
            "count": 7
        },
        "Hummingbird.Environment.CumulativeReward.mean": {
            "value": -358.68399990081787,
            "min": -399.8136360862038,
            "max": -129.1,
            "count": 7
        },
        "Hummingbird.Environment.CumulativeReward.sum": {
            "value": -8967.099997520447,
            "min": -14030.799987792969,
            "max": -645.5,
            "count": 7
        },
        "Hummingbird.Policy.ExtrinsicReward.mean": {
            "value": -358.68399990081787,
            "min": -399.8136360862038,
            "max": -129.1,
            "count": 7
        },
        "Hummingbird.Policy.ExtrinsicReward.sum": {
            "value": -8967.099997520447,
            "min": -14030.799987792969,
            "max": -645.5,
            "count": 7
        },
        "Hummingbird.IsTraining.mean": {
            "value": 1.0,
            "min": 1.0,
            "max": 1.0,
            "count": 7
        },
        "Hummingbird.IsTraining.sum": {
            "value": 1.0,
            "min": 1.0,
            "max": 1.0,
            "count": 7
        }
    },
    "metadata": {
        "timer_format_version": "0.1.0",
        "start_time_seconds": "1620908435",
        "python_version": "3.7.4 (tags/v3.7.4:e09359112e, Jul  8 2019, 20:34:20) [MSC v.1916 64 bit (AMD64)]",
        "command_line_arguments": "C:\\Users\\franc\\AppData\\Local\\Programs\\Python\\Python37\\Scripts\\mlagents-learn config\\hummingbirdBasic2D.yaml --run-id=hummingbird.2DRaycast.3 --resume",
        "mlagents_version": "0.26.0",
        "mlagents_envs_version": "0.26.0",
        "communication_protocol_version": "1.5.0",
        "pytorch_version": "1.7.1+cu110",
        "numpy_version": "1.20.1",
        "end_time_seconds": "1620908570"
    },
    "total": 135.4972305,
    "count": 1,
    "self": 0.005502299999989191,
    "children": {
        "run_training.setup": {
            "total": 0.12192269999999994,
            "count": 1,
            "self": 0.12192269999999994
        },
        "TrainerController.start_learning": {
            "total": 135.3698055,
            "count": 1,
            "self": 0.22456649999958245,
            "children": {
                "TrainerController._reset_env": {
                    "total": 11.957702699999999,
                    "count": 1,
                    "self": 11.957702699999999
                },
                "TrainerController.advance": {
                    "total": 123.1045086000004,
                    "count": 7342,
                    "self": 0.09815070000043136,
                    "children": {
                        "env_step": {
                            "total": 123.00635789999997,
                            "count": 7342,
                            "self": 92.19027589999902,
                            "children": {
                                "SubprocessEnvManager._take_step": {
                                    "total": 30.703937600000263,
                                    "count": 7342,
                                    "self": 0.7045549000008187,
                                    "children": {
                                        "TorchPolicy.evaluate": {
                                            "total": 29.999382699999444,
                                            "count": 7261,
                                            "self": 8.21064699999961,
                                            "children": {
                                                "TorchPolicy.sample_actions": {
                                                    "total": 21.788735699999833,
                                                    "count": 7261,
                                                    "self": 21.788735699999833
                                                }
                                            }
                                        }
                                    }
                                },
                                "workers": {
                                    "total": 0.11214440000067505,
                                    "count": 7341,
                                    "self": 0.0,
                                    "children": {
                                        "worker_root": {
                                            "total": 124.32755089999876,
                                            "count": 7341,
                                            "is_parallel": true,