{
    "name": "root",
    "gauges": {
        "Hummingbird.Policy.Entropy.mean": {
            "value": 2.796095371246338,
            "min": 2.7907230854034424,
            "max": 3.2360403537750244,
            "count": 26
        },
        "Hummingbird.Policy.Entropy.sum": {
            "value": 83421.5078125,
            "min": 81784.796875,
            "max": 111837.5546875,
            "count": 26
        },
        "Hummingbird.Step.mean": {
            "value": 779916.0,
            "min": 29880.0,
            "max": 779916.0,
            "count": 26
        },
        "Hummingbird.Step.sum": {
            "value": 779916.0,
            "min": 29880.0,
            "max": 779916.0,
            "count": 26
        },
        "Hummingbird.Policy.ExtrinsicValueEstimate.mean": {
            "value": 141.94580078125,
            "min": 4.809111595153809,
            "max": 142.91665649414062,
            "count": 26
        },
        "Hummingbird.Policy.ExtrinsicValueEstimate.sum": {
            "value": 38041.4765625,
            "min": 1134.9503173828125,
            "max": 38041.4765625,
            "count": 26
        },
        "Hummingbird.Policy.CuriosityValueEstimate.mean": {
            "value": 0.2542732059955597,
            "min": -0.01798498071730137,
            "max": 0.32709968090057373,
            "count": 26
        },
        "Hummingbird.Policy.CuriosityValueEstimate.sum": {
            "value": 68.14521789550781,
            "min": -4.244455337524414,
            "max": 85.37301635742188,
            "count": 26
        },
        "Hummingbird.Losses.PolicyLoss.mean": {
            "value": 0.0693894840460706,
            "min": 0.06518975461500685,
            "max": 0.07441009376320233,
            "count": 26
        },
        "Hummingbird.Losses.PolicyLoss.sum": {
            "value": 0.9714527766449884,
            "min": 0.34278350665801605,
            "max": 1.0417413126848327,
            "count": 26
        },
        "Hummingbird.Losses.ValueLoss.mean": {
            "value": 482.59959566826916,
            "min": 35.39124633509704,
            "max": 494.48867742750383,
            "count": 26
        },
        "Hummingbird.Losses.ValueLoss.sum": {
            "value": 6756.394339355768,
            "min": 176.95623167548518,
            "max": 7417.330161412558,
            "count": 26
        },
        "Hummingbird.Policy.LearningRate.mean": {
            "value": 0.00027703305122708067,
            "min": 0.00027703305122708067,
            "max": 0.00029948208017264007,
            "count": 26
        },
        "Hummingbird.Policy.LearningRate.sum": {
            "value": 0.0038784627171791295,
            "min": 0.0014974104008632003,
            "max": 0.00430426005524667,
            "count": 26
        },
        "Hummingbird.Policy.Epsilon.mean": {
            "value": 0.1923443478571429,
            "min": 0.1923443478571429,
            "max": 0.19982735999999998,
            "count": 26
        },
        "Hummingbird.Policy.Epsilon.sum": {
            "value": 2.6928208700000007,
            "min": 0.9991367999999999,
            "max": 2.9347533300000004,
            "count": 26
        },
        "Hummingbird.Policy.Beta.mean": {
            "value": 0.009235200350928572,
            "min": 0.009235200350928572,
            "max": 0.009982753264000003,
            "count": 26
        },
        "Hummingbird.Policy.Beta.sum": {
            "value": 0.129292804913,
            "min": 0.04991376632000001,
            "max": 0.143481857667,
            "count": 26
        },
        "Hummingbird.Losses.CuriosityForwardLoss.mean": {
            "value": 0.1157165220827751,
            "min": 0.08181145106305457,
            "max": 0.14996236441356942,
            "count": 26
        },
        "Hummingbird.Losses.CuriosityForwardLoss.sum": {
            "value": 1.6200313091588514,
            "min": 0.43015394790869466,
            "max": 2.0994731017899717,
            "count": 26
        },
        "Hummingbird.Losses.CuriosityInverseLoss.mean": {
            "value": 2.1250803328382704,
            "min": 2.1250803328382704,
            "max": 3.227546191721251,
            "count": 26
        },
        "Hummingbird.Losses.CuriosityInverseLoss.sum": {
            "value": 29.751124659735783,
            "min": 16.137730958606255,
            "max": 37.26430431345969,
            "count": 26
        },
        "Hummingbird.Environment.EpisodeLength.mean": {
            "value": 437.69444444444446,
            "min": 437.69444444444446,
            "max": 936.2173913043479,
            "count": 26
        },
        "Hummingbird.Environment.EpisodeLength.sum": {
            "value": 31514.0,
            "min": 3379.0,
            "max": 43066.0,
            "count": 26
        },
        "Hummingbird.Environment.CumulativeReward.mean": {
            "value": 737.1433488370644,
            "min": 289.8819390296936,
            "max": 737.1433488370644,
            "count": 26
        },
        "Hummingbird.Environment.CumulativeReward.sum": {
            "value": 53074.321116268635,
            "min": 1449.409695148468,
            "max": 53074.321116268635,
            "count": 26
        },
        "Hummingbird.Policy.ExtrinsicReward.mean": {
            "value": 737.1433488370644,
            "min": 289.8819390296936,
            "max": 737.1433488370644,
            "count": 26
        },
        "Hummingbird.Policy.ExtrinsicReward.sum": {
            "value": 53074.321116268635,
            "min": 1449.409695148468,
            "max": 53074.321116268635,
            "count": 26
        },
        "Hummingbird.Policy.CuriosityReward.mean": {
            "value": 1.0219488779160504,
            "min": 0.6335470255464315,
            "max": 1.94070507281897,
            "count": 26
        },
        "Hummingbird.Policy.CuriosityReward.sum": {
            "value": 73.58031920995563,
            "min": 3.1677351277321577,
            "max": 97.5452553294599,
            "count": 26
        },
        "Hummingbird.IsTraining.mean": {
            "value": 1.0,
            "min": 1.0,
            "max": 1.0,
            "count": 26
        },
        "Hummingbird.IsTraining.sum": {
            "value": 1.0,
            "min": 1.0,
            "max": 1.0,
            "count": 26
        }
    },
    "metadata": {
        "timer_format_version": "0.1.0",
        "start_time_seconds": "1621245966",
        "python_version": "3.7.4 (tags/v3.7.4:e09359112e, Jul  8 2019, 20:34:20) [MSC v.1916 64 bit (AMD64)]",
        "command_line_arguments": "C:\\Users\\franc\\AppData\\Local\\Programs\\Python\\Python37\\Scripts\\mlagents-learn config\\hummingbird_torus\\pyramids.yaml --run-id=2DTorusWithYaw.20.newrewardOnStrafe --force",
        "mlagents_version": "0.26.0",
        "mlagents_envs_version": "0.26.0",
        "communication_protocol_version": "1.5.0",
        "pytorch_version": "1.7.1+cu110",
        "numpy_version": "1.20.1",
        "end_time_seconds": "1621247116"
    },
    "total": 1149.8299069,
    "count": 1,
    "self": 0.007148999999799344,
    "children": {
        "run_training.setup": {
            "total": 0.1182126,
            "count": 1,
            "self": 0.1182126
        },
        "TrainerController.start_learning": {
            "total": 1149.7045453,
            "count": 1,
            "self": 0.3758420999979535,
            "children": {
                "TrainerController._reset_env": {
                    "total": 9.1683417,
                    "count": 1,
                    "self": 9.1683417
                },
                "TrainerController.advance": {
                    "total": 1140.0192917000022,
                    "count": 18510,
                    "self": 0.3924172000058661,
                    "children": {
                        "env_step": {
                            "total": 387.48338789999457,
                            "count": 18510,