{
    "name": "root",
    "gauges": {
        "Drone.Policy.Entropy.mean": {
            "value": 2.3529186248779297,
            "min": 1.999110460281372,
            "max": 3.2594547271728516,
            "count": 16
        },
        "Drone.Policy.Entropy.sum": {
            "value": 71241.671875,
            "min": 60073.26953125,
            "max": 99129.796875,
            "count": 16
        },
        "Drone.Step.mean": {
            "value": 479989.0,
            "min": 29920.0,
            "max": 479989.0,
            "count": 16
        },
        "Drone.Step.sum": {
            "value": 479989.0,
            "min": 29920.0,
            "max": 479989.0,
            "count": 16
        },
        "Drone.Policy.ExtrinsicValueEstimate.mean": {
            "value": 0.3462280333042145,
            "min": 0.2128225564956665,
            "max": 0.5753054618835449,
            "count": 16
        },
        "Drone.Policy.ExtrinsicValueEstimate.sum": {
            "value": 93.13533782958984,
            "min": 56.18515396118164,
            "max": 154.75717163085938,
            "count": 16
        },
        "Drone.Environment.EpisodeLength.mean": {
            "value": 527.0877192982456,
            "min": 400.30555555555554,
            "max": 673.1276595744681,
            "count": 16
        },
        "Drone.Environment.EpisodeLength.sum": {
            "value": 30044.0,
            "min": 28204.0,
            "max": 32357.0,
            "count": 16
        },
        "Drone.Environment.CumulativeReward.mean": {
            "value": 1.2827071014203524,
            "min": 0.4468567663660416,
            "max": 2.1672966108535943,
            "count": 16
        },
        "Drone.Environment.CumulativeReward.sum": {
            "value": 73.11430478096008,
            "min": 23.236551851034164,
            "max": 126.91059410572052,
            "count": 16
        },
        "Drone.Policy.ExtrinsicReward.mean": {
            "value": 1.2827071014203524,
            "min": 0.4468567663660416,
            "max": 2.1672966108535943,
            "count": 16
        },
        "Drone.Policy.ExtrinsicReward.sum": {
            "value": 73.11430478096008,
            "min": 23.236551851034164,
            "max": 126.91059410572052,
            "count": 16
        },
        "Drone.Losses.PolicyLoss.mean": {
            "value": 0.17871421827879072,
            "min": 0.15802709368030524,
            "max": 0.18705443233875485,
            "count": 16
        },
        "Drone.Losses.PolicyLoss.sum": {
            "value": 1.2509995279515351,
            "min": 1.1061896557621367,
            "max": 1.468465879359428,
            "count": 16
        },
        "Drone.Losses.ValueLoss.mean": {
            "value": 0.036276705407479834,
            "min": 0.036276705407479834,
            "max": 0.1039651138467629,
            "count": 16
        },
        "Drone.Losses.ValueLoss.sum": {
            "value": 0.2539369378523588,
            "min": 0.2539369378523588,
            "max": 0.7277557969273403,
            "count": 16
        },
        "Drone.Policy.LearningRate.mean": {
            "value": 0.0002860358403690071,
            "min": 0.0002860358403690071,
            "max": 0.00029952036015987995,
            "count": 16
        },
        "Drone.Policy.LearningRate.sum": {
            "value": 0.0020022508825830497,
            "min": 0.0020022508825830497,
            "max": 0.00238902225365925,
            "count": 16
        },
        "Drone.Policy.Epsilon.mean": {
            "value": 0.19534527857142864,
            "min": 0.19534527857142864,
            "max": 0.19984011999999998,
            "count": 16
        },
        "Drone.Policy.Epsilon.sum": {
            "value": 1.3674169500000004,
            "min": 1.3674169500000004,
            "max": 1.59634075,
            "count": 16
        },
        "Drone.Policy.Beta.mean": {
            "value": 0.0009539182578571428,
            "min": 0.0009539182578571428,
            "max": 0.000998417188,
            "count": 16
        },
        "Drone.Policy.Beta.sum": {
            "value": 0.0066774278049999995,
            "min": 0.0066774278049999995,
            "max": 0.007963773425,
            "count": 16
        },
        "Drone.IsTraining.mean": {
            "value": 1.0,
            "min": 1.0,
            "max": 1.0,
            "count": 16
        },
        "Drone.IsTraining.sum": {
            "value": 1.0,
            "min": 1.0,
            "max": 1.0,
            "count": 16
        }
    },
    "metadata": {
        "timer_format_version": "0.1.0",
        "start_time_seconds": "1624618542",
        "python_version": "3.7.4 (tags/v3.7.4:e09359112e, Jul  8 2019, 20:34:20) [MSC v.1916 64 bit (AMD64)]",
        "command_line_arguments": "C:\\Users\\franc\\AppData\\Local\\Programs\\Python\\Python37\\Scripts\\mlagents-learn config\\hummingbird_torus\\drone.yaml --env ..\\builds\\drone2D_run13\\ultron_yolo-unity --run-id=ExplorerDrone.13 --width=1080 --height=684 --time-scale=20 --num-envs=8 --no-graphics",
        "mlagents_version": "0.26.0",
        "mlagents_envs_version": "0.26.0",
        "communication_protocol_version": "1.5.0",
        "pytorch_version": "1.7.1+cu110",
        "numpy_version": "1.20.1",
        "end_time_seconds": "1624620969"
    },
    "total": 2427.6655385,
    "count": 1,
    "self": 0.6897753999996894,
    "children": {
        "run_training.setup": {
            "total": 0.5338007,
            "count": 1,
            "self": 0.5338007
        },
        "TrainerController.start_learning": {
            "total": 2426.4419624,
            "count": 1,
            "self": 2.938509199994769,
            "children": {
                "TrainerController._reset_env": {
                    "total": 2.8517116,
                    "count": 1,
                    "self": 2.8517116
                },
                "TrainerController.advance": {
                    "total": 2420.4011643000053,
                    "count": 69784,
                    "self": 1.7031568999705087,
                    "children": {
                        "env_step": {
                            "total": 2180.2172287999997,
                            "count": 69784,
                            "self": 161.55729800003724,
                            "children": {
                                "SubprocessEnvManager._take_step": {
                                    "total": 2013.522641799966,
                                    "count": 488360,
                                    "self": 27.10492089991635,
                                    "children": {
                                        "TorchPolicy.evaluate": {
                                            "total": 1986.4177209000497,
                                            "count": 487507,
                                            "self": 289.0947975000811,
                                            "children": {
                                                "TorchPolicy.sample_actions": {
                                                    "total": 1697.3229233999687,
                                                    "count": 487507,
                                                    "self": 1697.3229233999687
                                                }
                                            }
                                        }
                                    }
                                },
                                "workers": {
                                    "total": 5.137288999996284,
                                    "count": 69783,
                                    "self": 0.0,
                                    "children": {
                                        "worker_root": {
                                            "total": 19383.03022709989,
                                            "count": 488353,