{
    "name": "root",
    "gauges": {
        "Drone.Policy.Entropy.mean": {
            "value": 1.3060580492019653,
            "min": 1.230713963508606,
            "max": 3.251535415649414,
            "count": 116
        },
        "Drone.Policy.Entropy.sum": {
            "value": 39384.1796875,
            "min": 36799.26171875,
            "max": 99071.03125,
            "count": 116
        },
        "Drone.Step.mean": {
            "value": 3479959.0,
            "min": 29883.0,
            "max": 3479959.0,
            "count": 116
        },
        "Drone.Step.sum": {
            "value": 3479959.0,
            "min": 29883.0,
            "max": 3479959.0,
            "count": 116
        },
        "Drone.Policy.ExtrinsicValueEstimate.mean": {
            "value": 2.1958870887756348,
            "min": -0.24560581147670746,
            "max": 2.218810796737671,
            "count": 116
        },
        "Drone.Policy.ExtrinsicValueEstimate.sum": {
            "value": 575.3223876953125,
            "min": -64.59432983398438,
            "max": 583.5472412109375,
            "count": 116
        },
        "Drone.Environment.EpisodeLength.mean": {
            "value": 765.275,
            "min": 538.3818181818182,
            "max": 799.0,
            "count": 116
        },
        "Drone.Environment.EpisodeLength.sum": {
            "value": 30611.0,
            "min": 27401.0,
            "max": 32386.0,
            "count": 116
        },
        "Drone.Environment.CumulativeReward.mean": {
            "value": 16.566842034831645,
            "min": 0.6758826290722937,
            "max": 19.830419030709145,
            "count": 116
        },
        "Drone.Environment.CumulativeReward.sum": {
            "value": 662.6736813932657,
            "min": 33.79413145361468,
            "max": 773.3863421976566,
            "count": 116
        },
        "Drone.Policy.ExtrinsicReward.mean": {
            "value": 16.566842034831645,
            "min": 0.6758826290722937,
            "max": 19.830419030709145,
            "count": 116
        },
        "Drone.Policy.ExtrinsicReward.sum": {
            "value": 662.6736813932657,
            "min": 33.79413145361468,
            "max": 773.3863421976566,
            "count": 116
        },
        "Drone.Losses.PolicyLoss.mean": {
            "value": 0.17340936268725013,
            "min": 0.14913932338874605,
            "max": 0.20274158792238137,
            "count": 116
        },
        "Drone.Losses.PolicyLoss.sum": {
            "value": 1.2138655388107509,
            "min": 1.0439752637212223,
            "max": 1.5476575793844347,
            "count": 116
        },
        "Drone.Losses.ValueLoss.mean": {
            "value": 0.8429422881038461,
            "min": 0.04507999751850938,
            "max": 0.8429422881038461,
            "count": 116
        },
        "Drone.Losses.ValueLoss.sum": {
            "value": 5.900596016726922,
            "min": 0.31555998262956564,
            "max": 6.034900818791357,
            "count": 116
        },
        "Drone.Policy.LearningRate.mean": {
            "value": 0.00019608218606785428,
            "min": 0.00019608218606785428,
            "max": 0.00029952212587357717,
            "count": 116
        },
        "Drone.Policy.LearningRate.sum": {
            "value": 0.00137257530247498,
            "min": 0.00137257530247498,
            "max": 0.0023890010436663197,
            "count": 116
        },
        "Drone.Policy.Epsilon.mean": {
            "value": 0.16536071714285713,
            "min": 0.16536071714285713,
            "max": 0.19984070857142858,
            "count": 116
        },
        "Drone.Policy.Epsilon.sum": {
            "value": 1.15752502,
            "min": 1.15752502,
            "max": 1.5963336799999999,
            "count": 116
        },
        "Drone.Policy.Beta.mean": {
            "value": 0.0006570710997142858,
            "min": 0.0006570710997142858,
            "max": 0.0009984230148571429,
            "count": 116
        },
        "Drone.Policy.Beta.sum": {
            "value": 0.004599497698000001,
            "min": 0.004599497698000001,
            "max": 0.007963703432,
            "count": 116
        },
        "Drone.IsTraining.mean": {
            "value": 1.0,
            "min": 1.0,
            "max": 1.0,
            "count": 116
        },
        "Drone.IsTraining.sum": {
            "value": 1.0,
            "min": 1.0,
            "max": 1.0,
            "count": 116
        }
    },
    "metadata": {
        "timer_format_version": "0.1.0",
        "start_time_seconds": "1624622304",
        "python_version": "3.7.4 (tags/v3.7.4:e09359112e, Jul  8 2019, 20:34:20) [MSC v.1916 64 bit (AMD64)]",
        "command_line_arguments": "C:\\Users\\franc\\AppData\\Local\\Programs\\Python\\Python37\\Scripts\\mlagents-learn config\\hummingbird_torus\\drone.yaml --env ..\\builds\\drone2D_run14\\ultron_yolo-unity --run-id=ExplorerDrone.14 --width=1080 --height=684 --time-scale=20 --num-envs=8 --no-graphics",
        "mlagents_version": "0.26.0",
        "mlagents_envs_version": "0.26.0",
        "communication_protocol_version": "1.5.0",
        "pytorch_version": "1.7.1+cu110",
        "numpy_version": "1.20.1",
        "end_time_seconds": "1624640074"
    },
    "total": 17769.4968741,
    "count": 1,
    "self": 4.629248900000675,
    "children": {
        "run_training.setup": {
            "total": 0.5759178,
            "count": 1,
            "self": 0.5759178
        },
        "TrainerController.start_learning": {
            "total": 17764.2917074,
            "count": 1,
            "self": 20.729478199744335,
            "children": {
                "TrainerController._reset_env": {
                    "total": 7.7855723999999995,
                    "count": 1,
                    "self": 7.7855723999999995
                },
                "TrainerController.advance": {
                    "total": 17735.647865700255,
                    "count": 499989,
                    "self": 12.104776901549485,
                    "children": {
                        "env_step": {
                            "total": 15996.734437899162,
                            "count": 499989,
                            "self": 1182.7208180978123,
                            "children": {
                                "SubprocessEnvManager._take_step": {
                                    "total": 14777.558409801703,
                                    "count": 3491900,
                                    "self": 207.41027410303286,
                                    "children": {
                                        "TorchPolicy.evaluate": {
                                            "total": 14570.14813569867,
                                            "count": 3487689,
                                            "self": 2296.5307516979865,
                                            "children": {
                                                "TorchPolicy.sample_actions": {
                                                    "total": 12273.617384000683,
                                                    "count": 3487689,
                                                    "self": 12273.617384000683
                                                }
                                            }
                                        }
                                    }
                                },
                                "workers": {
                                    "total": 36.45520999964799,
                                    "count": 499988,
                                    "self": 0.0,
                                    "children": {
                                        "worker_root": {
                                            "total": 141962.92552268592,
                                            "count": 3491895,