{"count":1,"self":3260.6752767999997,"total":59535.806121199996,"children":{"InitializeActuators":{"count":1,"self":0.0020008,"total":0.0020008,"children":null},"InitializeSensors":{"count":1,"self":0.0030031999999999997,"total":0.0030031999999999997,"children":null},"AgentSendState":{"count":7269571,"self":146.4043008,"total":231.4544238,"children":{"CollectObservations":{"count":1453915,"self":2.9516402,"total":2.9516402,"children":null},"WriteActionMask":{"count":1453915,"self":1.1729219,"total":1.1729219,"children":null},"RequestDecision":{"count":1453915,"self":6.1732976,"total":80.925564999999992,"children":{"AgentInfo.ToProto":{"count":1453915,"self":6.5520907999999993,"total":74.7522675,"children":{"GenerateSensorData":{"count":1453915,"self":62.1549312,"total":68.2001768,"children":{"RayPerceptionSensor.Perceive":{"count":4361745,"self":6.0452444,"total":6.0452445,"children":null}}}}}}}}},"DecideAction":{"count":7269571,"self":56024.2098176,"total":56024.2086333,"children":null},"AgentAct":{"count":7269571,"self":19.0088208,"total":19.0628209,"children":{"AgentInfo.ToProto":{"count":996,"self":0.0040034,"total":0.054000799999999995,"children":{"GenerateSensorData":{"count":996,"self":0.0439994,"total":0.0499974,"children":{"RayPerceptionSensor.Perceive":{"count":2988,"self":0.005998,"total":0.005998,"children":null}}}}}}},"AgentInfo.ToProto":{"count":7329,"self":0.0449988,"total":0.39799219999999996,"children":{"GenerateSensorData":{"count":7329,"self":0.3210008,"total":0.35299339999999996,"children":{"RayPerceptionSensor.Perceive":{"count":21987,"self":0.031992599999999996,"total":0.031992599999999996,"children":null}}}}}},"gauges":{"Drone.CumulativeReward":{"count":8325,"max":534,"min":-1,"runningAverage":478.511536,"value":534,"weightedAverage":533.475159}},"metadata":{"timer_format_version":"0.1.0","start_time_seconds":"1624746131","unity_version":"2021.1.6f1","command_line_arguments":"D:\\Unity Hub Projects AI ML\\ma-unity\\2DTorusRaycast\\..\\builds\\drone2D_run18\\island-drone.exe -nographics -batchmode --mlagents-port 5008 -logFile D:\\Unity Hub Projects AI ML\\ma-unity\\2DTorusRaycast\\results\\ExplorerDrone.18\\run_logs\\Player-3.log","communication_protocol_version":"1.5.0","com.unity.ml-agents_version":"2.0.0-exp.1","scene_name":"Drone3D","end_time_seconds":"1624805667"}}