{"count":1,"self":9.6335888,"total":71.455495,"children":{"InitializeActuators":{"count":3,"self":0.0030044,"total":0.0030044,"children":null},"InitializeSensors":{"count":3,"self":0.020971999999999998,"total":0.020971999999999998,"children":null},"AgentSendState":{"count":6817,"self":34.594912,"total":44.870674699999995,"children":{"CollectObservations":{"count":4095,"self":4.6609244,"total":4.6609244,"children":null},"WriteActionMask":{"count":4083,"self":0.0019947999999999997,"total":0.0019947999999999997,"children":null},"RequestDecision":{"count":4083,"self":0.029866499999999997,"total":5.6128421999999993,"children":{"AgentInfo.ToProto":{"count":4083,"self":0.029774699999999998,"total":5.5829756999999995,"children":{"GenerateSensorData":{"count":4083,"self":5.5532008,"total":5.553201,"children":null}}}}}}},"DecideAction":{"count":6805,"self":16.882286399999998,"total":16.882286399999998,"children":null},"AgentAct":{"count":6805,"self":0.0169434,"total":0.0169434,"children":null},"AgentInfo.ToProto":{"count":22,"self":0,"total":0.027027899999999997,"children":{"GenerateSensorData":{"count":22,"self":0.027027899999999997,"total":0.027027899999999997,"children":null}}}},"gauges":{"Drone.CumulativeReward":{"count":22,"max":168.00824,"min":-1.0001,"runningAverage":16.82977,"value":-0.9263001,"weightedAverage":28.9195824}},"metadata":{"timer_format_version":"0.1.0","start_time_seconds":"1626270123","unity_version":"2020.3.13f1","command_line_arguments":"C:\\Program Files\\Unity\\Hub\\Editor\\2020.3.13f1\\Editor\\Unity.exe -projectpath D:\/Unity Hub Projects AI ML\/ma-unity\/island-drone-v2 -useHub -hubIPC -cloudEnvironment production -hubSessionId 6f318a80-e33d-11eb-ac7b-f1ec440418ed -accessToken R83GEAykdDAyi15oAFT4E-gqIPMdCx6hjYO9nNOib7g008f","communication_protocol_version":"1.5.0","com.unity.ml-agents_version":"2.0.0-exp.1","scene_name":"SceneDrone","end_time_seconds":"1626270195"}}