{
    "name": "root",
    "gauges": {
        "Hummingbird.Policy.Entropy.mean": {
            "value": 1.8382526636123657,
            "min": 1.8382526636123657,
            "max": 2.1920857429504395,
            "count": 11
        },
        "Hummingbird.Policy.Entropy.sum": {
            "value": 19246.505859375,
            "min": 17944.580078125,
            "max": 25252.828125,
            "count": 11
        },
        "Hummingbird.Step.mean": {
            "value": 109938.0,
            "min": 9984.0,
            "max": 109938.0,
            "count": 11
        },
        "Hummingbird.Step.sum": {
            "value": 109938.0,
            "min": 9984.0,
            "max": 109938.0,
            "count": 11
        },
        "Hummingbird.Policy.ExtrinsicValueEstimate.mean": {
            "value": 10.765686988830566,
            "min": 0.20124638080596924,
            "max": 10.826674461364746,
            "count": 11
        },
        "Hummingbird.Policy.ExtrinsicValueEstimate.sum": {
            "value": 1873.2294921875,
            "min": 31.39443588256836,
            "max": 1894.66796875,
            "count": 11
        },
        "Hummingbird.Losses.PolicyLoss.mean": {
            "value": 0.3344527842392298,
            "min": 0.20687818696101506,
            "max": 0.40054901705536733,
            "count": 11
        },
        "Hummingbird.Losses.PolicyLoss.sum": {
            "value": 3.678980626631528,
            "min": 1.0343909348050753,
            "max": 3.8783472811811843,
            "count": 11
        },
        "Hummingbird.Losses.ValueLoss.mean": {
            "value": 4.75991786587419,
            "min": 0.04874421015501462,
            "max": 4.900361662109693,
            "count": 11
        },
        "Hummingbird.Losses.ValueLoss.sum": {
            "value": 52.359096524616085,
            "min": 0.2437210507750731,
            "max": 52.359096524616085,
            "count": 11
        },
        "Hummingbird.Policy.LearningRate.mean": {
            "value": 0.00023698611191372724,
            "min": 0.00023698611191372724,
            "max": 0.000296928001024,
            "count": 11
        },
        "Hummingbird.Policy.LearningRate.sum": {
            "value": 0.0026068472310509998,
            "min": 0.0014558400147199999,
            "max": 0.0027299934900021994,
            "count": 11
        },
        "Hummingbird.Policy.Epsilon.mean": {
            "value": 0.17899536363636365,
            "min": 0.17899536363636365,
            "max": 0.198976,
            "count": 11
        },
        "Hummingbird.Policy.Epsilon.sum": {
            "value": 1.968949,
            "min": 0.98528,
            "max": 1.968949,
            "count": 11
        },
        "Hummingbird.Policy.Beta.mean": {
            "value": 0.023700709554545455,
            "min": 0.023700709554545455,
            "max": 0.0296929024,
            "count": 11
        },
        "Hummingbird.Policy.Beta.sum": {
            "value": 0.2607078051,
            "min": 0.145585472,
            "max": 0.27300834022,
            "count": 11
        },
        "Hummingbird.IsTraining.mean": {
            "value": 1.0,
            "min": 1.0,
            "max": 1.0,
            "count": 11
        },
        "Hummingbird.IsTraining.sum": {
            "value": 1.0,
            "min": 1.0,
            "max": 1.0,
            "count": 11
        },
        "Hummingbird.Environment.EpisodeLength.mean": {
            "value": 269.6857142857143,
            "min": 248.97619047619048,
            "max": 799.0,
            "count": 9
        },
        "Hummingbird.Environment.EpisodeLength.sum": {
            "value": 9439.0,
            "min": 7554.0,
            "max": 23970.0,
            "count": 9
        },
        "Hummingbird.Environment.CumulativeReward.mean": {
            "value": 39.90003465456622,
            "min": 8.596684337655704,
            "max": 39.90010221160593,
            "count": 9
        },
        "Hummingbird.Environment.CumulativeReward.sum": {
            "value": 1396.5012129098177,
            "min": 257.9005301296711,
            "max": 1675.8020500689745,
            "count": 9
        },
        "Hummingbird.Policy.ExtrinsicReward.mean": {
            "value": 39.90003465456622,
            "min": 8.596684337655704,
            "max": 39.90010221160593,
            "count": 9
        },
        "Hummingbird.Policy.ExtrinsicReward.sum": {
            "value": 1396.5012129098177,
            "min": 257.9005301296711,
            "max": 1675.8020500689745,
            "count": 9
        }
    },
    "metadata": {
        "timer_format_version": "0.1.0",
        "start_time_seconds": "1621014948",
        "python_version": "3.7.4 (tags/v3.7.4:e09359112e, Jul  8 2019, 20:34:20) [MSC v.1916 64 bit (AMD64)]",
        "command_line_arguments": "C:\\Users\\franc\\AppData\\Local\\Programs\\Python\\Python37\\Scripts\\mlagents-learn config\\hummingbird_torus\\ppo128x3_mem.yaml --run-id=hummingbird.2DTorus.3 --force",
        "mlagents_version": "0.26.0",
        "mlagents_envs_version": "0.26.0",
        "communication_protocol_version": "1.5.0",
        "pytorch_version": "1.7.1+cu110",
        "numpy_version": "1.20.1",
        "end_time_seconds": "1621015175"
    },
    "total": 227.0144556,
    "count": 1,
    "self": 0.005709499999994705,
    "children": {
        "run_training.setup": {
            "total": 0.12191980000000002,
            "count": 1,
            "self": 0.12191980000000002
        },
        "TrainerController.start_learning": {
            "total": 226.8868263,
            "count": 1,
            "self": 0.1090211000002057,
            "children": {
                "TrainerController._reset_env": {
                    "total": 22.9494568,
                    "count": 1,
                    "self": 22.9494568
                },
                "TrainerController.advance": {
                    "total": 203.68600169999976,
                    "count": 4096,
                    "self": 0.05174469999914777,
                    "children": {
                        "env_step": {
                            "total": 203.63425700000062,
                            "count": 4096,
                            "self": 183.32741470000047,
                            "children": {
                                "SubprocessEnvManager._take_step": {
                                    "total": 20.251598399999907,
                                    "count": 4096,
                                    "self": 0.3669789999994393,
                                    "children": {
                                        "TorchPolicy.evaluate": {
                                            "total": 19.884619400000467,
                                            "count": 3881,
                                            "self": 4.540476600000499,
                                            "children": {
                                                "TorchPolicy.sample_actions": {
                                                    "total": 15.344142799999968,
                                                    "count": 3881,
                                                    "self": 15.344142799999968
                                                }
                                            }
                                        }
                                    }
                                },
                                "workers": {
                                    "total": 0.05524390000022095,
                                    "count": 4095,
                                    "self": 0.0,
                                    "children": {
                                        "worker_root": {
                                            "total": 204.88545600000066,
                                            "count": 4095,
                                            "is_parallel": true,