{
    "name": "root",
    "gauges": {
        "Hummingbird.Policy.Entropy.mean": {
            "value": 1.412014126777649,
            "min": 1.412014126777649,
            "max": 2.1574342250823975,
            "count": 3
        },
        "Hummingbird.Policy.Entropy.sum": {
            "value": 28240.283203125,
            "min": 28240.283203125,
            "max": 45133.5234375,
            "count": 3
        },
        "Hummingbird.Step.mean": {
            "value": 59991.0,
            "min": 19970.0,
            "max": 59991.0,
            "count": 3
        },
        "Hummingbird.Step.sum": {
            "value": 59991.0,
            "min": 19970.0,
            "max": 59991.0,
            "count": 3
        },
        "Hummingbird.Policy.ExtrinsicValueEstimate.mean": {
            "value": 0.7183048725128174,
            "min": 0.06545780599117279,
            "max": 0.7183048725128174,
            "count": 3
        },
        "Hummingbird.Policy.ExtrinsicValueEstimate.sum": {
            "value": 339.0398864746094,
            "min": 21.666534423828125,
            "max": 339.0398864746094,
            "count": 3
        },
        "Hummingbird.Losses.PolicyLoss.mean": {
            "value": 0.06841943548837057,
            "min": 0.06539615261027831,
            "max": 0.06945604788860775,
            "count": 3
        },
        "Hummingbird.Losses.PolicyLoss.sum": {
            "value": 0.6841943548837056,
            "min": 0.555648383108862,
            "max": 0.6841943548837056,
            "count": 3
        },
        "Hummingbird.Losses.ValueLoss.mean": {
            "value": 0.011570686606379848,
            "min": 0.0073692823495602605,
            "max": 0.028796641149609867,
            "count": 3
        },
        "Hummingbird.Losses.ValueLoss.sum": {
            "value": 0.11570686606379847,
            "min": 0.058954258796482084,
            "max": 0.2591697703464888,
            "count": 3
        },
        "Hummingbird.Policy.LearningRate.mean": {
            "value": 0.000298510809496397,
            "min": 0.000298510809496397,
            "max": 0.0002996634076121975,
            "count": 3
        },
        "Hummingbird.Policy.LearningRate.sum": {
            "value": 0.0029851080949639696,
            "min": 0.00239730726089758,
            "max": 0.0029851080949639696,
            "count": 3
        },
        "Hummingbird.Policy.Epsilon.mean": {
            "value": 0.19950360300000003,
            "min": 0.19950360300000003,
            "max": 0.19988780250000002,
            "count": 3
        },
        "Hummingbird.Policy.Epsilon.sum": {
            "value": 1.9950360300000003,
            "min": 1.5991024200000001,
            "max": 1.9950360300000003,
            "count": 3
        },
        "Hummingbird.Policy.Beta.mean": {
            "value": 0.0049752297897,
            "min": 0.0049752297897,
            "max": 0.00499440134475,
            "count": 3
        },
        "Hummingbird.Policy.Beta.sum": {
            "value": 0.049752297897,
            "min": 0.039955210758,
            "max": 0.049752297897,
            "count": 3
        },
        "Hummingbird.Environment.EpisodeLength.mean": {
            "value": 43.97986577181208,
            "min": 43.97986577181208,
            "max": 438.2142857142857,
            "count": 3
        },
        "Hummingbird.Environment.EpisodeLength.sum": {
            "value": 19659.0,
            "min": 18405.0,
            "max": 21229.0,
            "count": 3
        },
        "Hummingbird.Environment.CumulativeReward.mean": {
            "value": 1.0,
            "min": 0.7027027027027027,
            "max": 1.0,
            "count": 3
        },
        "Hummingbird.Environment.CumulativeReward.sum": {
            "value": 446.0,
            "min": 26.0,
            "max": 446.0,
            "count": 3
        },
        "Hummingbird.Policy.ExtrinsicReward.mean": {
            "value": 1.0,
            "min": 0.7027027027027027,
            "max": 1.0,
            "count": 3
        },
        "Hummingbird.Policy.ExtrinsicReward.sum": {
            "value": 446.0,
            "min": 26.0,
            "max": 446.0,
            "count": 3
        },
        "Hummingbird.IsTraining.mean": {
            "value": 1.0,
            "min": 1.0,
            "max": 1.0,
            "count": 3
        },
        "Hummingbird.IsTraining.sum": {
            "value": 1.0,
            "min": 1.0,
            "max": 1.0,
            "count": 3
        }
    },
    "metadata": {
        "timer_format_version": "0.1.0",
        "start_time_seconds": "1620917677",
        "python_version": "3.7.4 (tags/v3.7.4:e09359112e, Jul  8 2019, 20:34:20) [MSC v.1916 64 bit (AMD64)]",
        "command_line_arguments": "C:\\Users\\franc\\AppData\\Local\\Programs\\Python\\Python37\\Scripts\\mlagents-learn config\\hummingbirdBasic2D_256.yaml --run-id=hummingbird.2DCoin.256",
        "mlagents_version": "0.26.0",
        "mlagents_envs_version": "0.26.0",
        "communication_protocol_version": "1.5.0",
        "pytorch_version": "1.7.1+cu110",
        "numpy_version": "1.20.1",
        "end_time_seconds": "1620917781"
    },
    "total": 104.07426020000001,
    "count": 1,
    "self": 0.006828900000016347,
    "children": {
        "run_training.setup": {
            "total": 0.1195773,
            "count": 1,
            "self": 0.1195773
        },
        "TrainerController.start_learning": {
            "total": 103.94785399999999,
            "count": 1,
            "self": 0.10104439999970793,
            "children": {
                "TrainerController._reset_env": {
                    "total": 24.5753479,
                    "count": 1,
                    "self": 24.5753479
                },
                "TrainerController.advance": {
                    "total": 79.17195530000028,
                    "count": 4494,
                    "self": 0.0541463000006388,
                    "children": {
                        "env_step": {
                            "total": 79.11780899999964,
                            "count": 4494,
                            "self": 56.203292899999894,
                            "children": {
                                "SubprocessEnvManager._take_step": {
                                    "total": 22.856373299999767,
                                    "count": 4494,
                                    "self": 0.20358929999974862,
                                    "children": {
                                        "TorchPolicy.evaluate": {
                                            "total": 22.65278400000002,
                                            "count": 3674,
                                            "self": 5.2363811999998475,
                                            "children": {
                                                "TorchPolicy.sample_actions": {
                                                    "total": 17.41640280000017,
                                                    "count": 3674,
                                                    "self": 17.41640280000017
                                                }
                                            }
                                        }
                                    }
                                },
                                "workers": {
                                    "total": 0.05814279999997751,
                                    "count": 4493,
                                    "self": 0.0,
                                    "children": {
                                        "worker_root": {
                                            "total": 80.17516629999959,
                                            "count": 4493,
                                            "is_parallel": true,
                                            "self": 39.13771099999946,