{"count":1,"self":851.0177792,"total":5072.5448019999994,"children":{"InitializeActuators":{"count":1,"self":0.0021479999999999997,"total":0.0021479999999999997,"children":null},"InitializeSensors":{"count":1,"self":0.016357999999999998,"total":0.016357999999999998,"children":null},"AgentSendState":{"count":420126,"self":1133.6461312,"total":1330.789149,"children":{"CollectObservations":{"count":84026,"self":59.4700224,"total":59.47002,"children":null},"WriteActionMask":{"count":84026,"self":0.284038,"total":0.284038,"children":null},"RequestDecision":{"count":84026,"self":1.65204,"total":137.38898899999998,"children":{"AgentInfo.ToProto":{"count":84026,"self":1.960963,"total":135.73694899999998,"children":{"GenerateSensorData":{"count":84026,"self":133.7759872,"total":133.775986,"children":null}}}}}}},"DecideAction":{"count":420126,"self":2734.7460096,"total":2734.745967,"children":null},"AgentAct":{"count":420126,"self":155.8120064,"total":155.97127799999998,"children":{"AgentInfo.ToProto":{"count":84,"self":0.000691,"total":0.159274,"children":{"GenerateSensorData":{"count":84,"self":0.158583,"total":0.158583,"children":null}}}}}},"gauges":{"Drone.CumulativeReward":{"count":84,"max":-302.7242,"min":-3037.34155,"runningAverage":-766.7428,"value":-320.964752,"weightedAverage":-417.572327}},"metadata":{"timer_format_version":"0.1.0","start_time_seconds":"1636125038","unity_version":"2020.3.13f1","command_line_arguments":"\/app\/baseAgents_v2\/build\/agent.x86_64 --mlagents-port 5006 -logFile \/app\/baseAgents_v2\/results\/run66\/run_logs\/Player-1.log","communication_protocol_version":"1.5.0","com.unity.ml-agents_version":"2.0.0-exp.1","scene_name":"configLoader_v2","end_time_seconds":"1636130110"}}