{
    "name": "root",
    "gauges": {
        "Hummingbird.Policy.Entropy.mean": {
            "value": 1.4280585050582886,
            "min": 1.4182817935943604,
            "max": 1.4280585050582886,
            "count": 2
        },
        "Hummingbird.Policy.Entropy.sum": {
            "value": 71659.9765625,
            "min": 71659.9765625,
            "max": 71708.328125,
            "count": 2
        },
        "Hummingbird.Step.mean": {
            "value": 99974.0,
            "min": 49939.0,
            "max": 99974.0,
            "count": 2
        },
        "Hummingbird.Step.sum": {
            "value": 99974.0,
            "min": 49939.0,
            "max": 99974.0,
            "count": 2
        },
        "Hummingbird.Policy.ExtrinsicValueEstimate.mean": {
            "value": -0.059785645455121994,
            "min": -0.08535975962877274,
            "max": -0.059785645455121994,
            "count": 2
        },
        "Hummingbird.Policy.ExtrinsicValueEstimate.sum": {
            "value": -59.725860595703125,
            "min": -84.4207992553711,
            "max": -59.725860595703125,
            "count": 2
        },
        "Hummingbird.Environment.EpisodeLength.mean": {
            "value": 188.79400749063672,
            "min": 188.79400749063672,
            "max": 196.30204081632652,
            "count": 2
        },
        "Hummingbird.Environment.EpisodeLength.sum": {
            "value": 50408.0,
            "min": 48094.0,
            "max": 50408.0,
            "count": 2
        },
        "Hummingbird.Environment.CumulativeReward.mean": {
            "value": -0.10486891385767791,
            "min": -0.4673469387755102,
            "max": -0.10486891385767791,
            "count": 2
        },
        "Hummingbird.Environment.CumulativeReward.sum": {
            "value": -28.0,
            "min": -114.5,
            "max": -28.0,
            "count": 2
        },
        "Hummingbird.Policy.ExtrinsicReward.mean": {
            "value": -0.10486891385767791,
            "min": -0.4673469387755102,
            "max": -0.10486891385767791,
            "count": 2
        },
        "Hummingbird.Policy.ExtrinsicReward.sum": {
            "value": -28.0,
            "min": -114.5,
            "max": -28.0,
            "count": 2
        },
        "Hummingbird.Losses.PolicyLoss.mean": {
            "value": 0.024478119279568396,
            "min": 0.023614909073027473,
            "max": 0.024478119279568396,
            "count": 2
        },
        "Hummingbird.Losses.PolicyLoss.sum": {
            "value": 0.12239059639784197,
            "min": 0.09445963629210989,
            "max": 0.12239059639784197,
            "count": 2
        },
        "Hummingbird.Losses.ValueLoss.mean": {
            "value": 0.023603431545197964,
            "min": 0.01773615661416746,
            "max": 0.023603431545197964,
            "count": 2
        },
        "Hummingbird.Losses.ValueLoss.sum": {
            "value": 0.11801715772598982,
            "min": 0.07094462645666984,
            "max": 0.11801715772598982,
            "count": 2
        },
        "Hummingbird.Policy.LearningRate.mean": {
            "value": 0.0002557216947594399,
            "min": 0.0002557216947594399,
            "max": 0.00028410210529929993,
            "count": 2
        },
        "Hummingbird.Policy.LearningRate.sum": {
            "value": 0.0012786084737971995,
            "min": 0.0011364084211971997,
            "max": 0.0012786084737971995,
            "count": 2
        },
        "Hummingbird.Policy.Epsilon.mean": {
            "value": 0.18524056000000005,
            "min": 0.18524056000000005,
            "max": 0.19470070000000003,
            "count": 2
        },
        "Hummingbird.Policy.Epsilon.sum": {
            "value": 0.9262028000000002,
            "min": 0.7788028000000001,
            "max": 0.9262028000000002,
            "count": 2
        },
        "Hummingbird.Policy.Beta.mean": {
            "value": 0.004263503944,
            "min": 0.004263503944,
            "max": 0.00473556493,
            "count": 2
        },
        "Hummingbird.Policy.Beta.sum": {
            "value": 0.021317519719999997,
            "min": 0.01894225972,
            "max": 0.021317519719999997,
            "count": 2
        },
        "Hummingbird.IsTraining.mean": {
            "value": 1.0,
            "min": 1.0,
            "max": 1.0,
            "count": 2
        },
        "Hummingbird.IsTraining.sum": {
            "value": 1.0,
            "min": 1.0,
            "max": 1.0,
            "count": 2
        }
    },
    "metadata": {
        "timer_format_version": "0.1.0",
        "start_time_seconds": "1620665742",
        "python_version": "3.7.4 (tags/v3.7.4:e09359112e, Jul  8 2019, 20:34:20) [MSC v.1916 64 bit (AMD64)]",
        "command_line_arguments": "C:\\Users\\franc\\AppData\\Local\\Programs\\Python\\Python37\\Scripts\\mlagents-learn --force",
        "mlagents_version": "0.26.0",
        "mlagents_envs_version": "0.26.0",
        "communication_protocol_version": "1.5.0",
        "pytorch_version": "1.7.1+cu110",
        "numpy_version": "1.20.1",
        "end_time_seconds": "1620665905"
    },
    "total": 162.9577211,
    "count": 1,
    "self": 0.005563299999977289,
    "children": {
        "run_training.setup": {
            "total": 0.1482711,
            "count": 1,
            "self": 0.1482711
        },
        "TrainerController.start_learning": {
            "total": 162.80388670000002,
            "count": 1,
            "self": 0.14674499999983937,
            "children": {
                "TrainerController._reset_env": {
                    "total": 4.8839843,
                    "count": 1,
                    "self": 4.8839843
                },
                "TrainerController.advance": {
                    "total": 157.70423340000016,
                    "count": 7872,
                    "self": 0.15750479999817912,
                    "children": {
                        "env_step": {
                            "total": 107.89611520000008,
                            "count": 7872,
                            "self": 94.6851177999999,
                            "children": {
                                "SubprocessEnvManager._take_step": {
                                    "total": 13.106704199999644,
                                    "count": 7872,
                                    "self": 0.44040719999949474,
                                    "children": {
                                        "TorchPolicy.evaluate": {
                                            "total": 12.66629700000015,
                                            "count": 7454,
                                            "self": 3.9103606000011766,
                                            "children": {
                                                "TorchPolicy.sample_actions": {
                                                    "total": 8.755936399998973,
                                                    "count": 7454,
                                                    "self": 8.755936399998973
                                                }
                                            }
                                        }
                                    }
                                },
                                "workers": {
                                    "total": 0.10429320000053366,
                                    "count": 7871,
                                    "self": 0.0,
                                    "children": {
                                        "worker_root": {
                                            "total": 158.69522100000037,
                                            "count": 7871,
                                            "is_parallel": true,
                                            "self": 74.42676920000044,