{"count":1,"self":29.304899199999998,"total":48.4963025,"children":{"InitializeActuators":{"count":1,"self":0.0019998999999999998,"total":0.0019998999999999998,"children":null},"InitializeSensors":{"count":1,"self":0.0030001999999999997,"total":0.0030001999999999997,"children":null},"AgentSendState":{"count":49231,"self":0.8034157,"total":0.85109079999999993,"children":{"CollectObservations":{"count":9847,"self":0.010008099999999999,"total":0.010008099999999999,"children":null},"WriteActionMask":{"count":9847,"self":0.0086708999999999987,"total":0.0086708999999999987,"children":null},"RequestDecision":{"count":9847,"self":0.0289961,"total":0.0289961,"children":null}}},"DecideAction":{"count":49231,"self":12.4302072,"total":12.4702062,"children":{"RayPerceptionSensor.Perceive":{"count":39388,"self":0.0399987,"total":0.0399987,"children":null}}},"AgentAct":{"count":49231,"self":5.8631072,"total":5.8631072,"children":null}},"gauges":{"Hummingbird.CumulativeReward":{"count":4,"max":10009.21,"min":9842.57,"runningAverage":9934.786,"value":9955.046,"weightedAverage":9914.556}},"metadata":{"timer_format_version":"0.1.0","start_time_seconds":"1621360991","unity_version":"2021.1.6f1","command_line_arguments":"D:\\Unity Hub Projects AI ML\\ma-unity\\builds\\basic0.exe","communication_protocol_version":"1.5.0","com.unity.ml-agents_version":"2.0.0-exp.1","scene_name":"2D_Torus_WithYaw","end_time_seconds":"1621361040"}}