{
    "name": "root",
    "gauges": {
        "Hummingbird.Policy.Entropy.mean": {
            "value": 2.5581932067871094,
            "min": 2.392575979232788,
            "max": 3.2529451847076416,
            "count": 66
        },
        "Hummingbird.Policy.Entropy.sum": {
            "value": 75632.984375,
            "min": 72028.5,
            "max": 108176.6953125,
            "count": 66
        },
        "Hummingbird.Step.mean": {
            "value": 1979937.0,
            "min": 29920.0,
            "max": 1979937.0,
            "count": 66
        },
        "Hummingbird.Step.sum": {
            "value": 1979937.0,
            "min": 29920.0,
            "max": 1979937.0,
            "count": 66
        },
        "Hummingbird.Policy.ExtrinsicValueEstimate.mean": {
            "value": 89.34595489501953,
            "min": 5.9185333251953125,
            "max": 108.9288558959961,
            "count": 66
        },
        "Hummingbird.Policy.ExtrinsicValueEstimate.sum": {
            "value": 24123.408203125,
            "min": 1438.20361328125,
            "max": 29410.791015625,
            "count": 66
        },
        "Hummingbird.Policy.CuriosityValueEstimate.mean": {
            "value": 0.6939375996589661,
            "min": 0.02980975992977619,
            "max": 0.7451931238174438,
            "count": 66
        },
        "Hummingbird.Policy.CuriosityValueEstimate.sum": {
            "value": 187.3631591796875,
            "min": 7.243771553039551,
            "max": 202.69253540039062,
            "count": 66
        },
        "Hummingbird.Losses.PolicyLoss.mean": {
            "value": 0.3458747144110474,
            "min": 0.3458747144110474,
            "max": 0.5312361638531041,
            "count": 66
        },
        "Hummingbird.Losses.PolicyLoss.sum": {
            "value": 4.842246001754663,
            "min": 2.113855241381709,
            "max": 7.968542457796562,
            "count": 66
        },
        "Hummingbird.Losses.ValueLoss.mean": {
            "value": 390.37801523452384,
            "min": 71.4845259162194,
            "max": 566.3284141135372,
            "count": 66
        },
        "Hummingbird.Losses.ValueLoss.sum": {
            "value": 5465.292213283334,
            "min": 357.422629581097,
            "max": 8494.926211703058,
            "count": 66
        },
        "Hummingbird.Policy.LearningRate.mean": {
            "value": 0.00024104604679418148,
            "min": 0.00024104604679418148,
            "max": 0.00029948338817220403,
            "count": 66
        },
        "Hummingbird.Policy.LearningRate.sum": {
            "value": 0.0033746446551185406,
            "min": 0.0014974169408610203,
            "max": 0.004479654876781709,
            "count": 66
        },
        "Hummingbird.Policy.Epsilon.mean": {
            "value": 0.18034867571428573,
            "min": 0.18034867571428573,
            "max": 0.19982779599999997,
            "count": 66
        },
        "Hummingbird.Policy.Epsilon.sum": {
            "value": 2.52488146,
            "min": 0.9991389799999999,
            "max": 2.9932182899999997,
            "count": 66
        },
        "Hummingbird.Policy.Beta.mean": {
            "value": 0.008036832703857143,
            "min": 0.008036832703857143,
            "max": 0.009982796820400002,
            "count": 66
        },
        "Hummingbird.Policy.Beta.sum": {
            "value": 0.11251565785400001,
            "min": 0.04991398410200001,
            "max": 0.14932250717100004,
            "count": 66
        },
        "Hummingbird.Losses.CuriosityForwardLoss.mean": {
            "value": 0.3574270217539874,
            "min": 0.09385910010937389,
            "max": 0.3806802958834405,
            "count": 66
        },
        "Hummingbird.Losses.CuriosityForwardLoss.sum": {
            "value": 5.003978304555823,
            "min": 0.4692955005468694,
            "max": 5.7102044382516075,
            "count": 66
        },
        "Hummingbird.Losses.CuriosityInverseLoss.mean": {
            "value": 1.5457082207390322,
            "min": 1.4671731946958781,
            "max": 3.250675356901856,
            "count": 66
        },
        "Hummingbird.Losses.CuriosityInverseLoss.sum": {
            "value": 21.639915090346452,
            "min": 16.25337678450928,
            "max": 44.666045075473185,
            "count": 66
        },
        "Hummingbird.Environment.EpisodeLength.mean": {
            "value": 475.25396825396825,
            "min": 352.83529411764704,
            "max": 671.1363636363636,
            "count": 66
        },
        "Hummingbird.Environment.EpisodeLength.sum": {
            "value": 29941.0,
            "min": 14765.0,
            "max": 39117.0,
            "count": 66
        },
        "Hummingbird.Environment.CumulativeReward.mean": {
            "value": 688.2922049066983,
            "min": 273.2390460882868,
            "max": 730.7830949445902,
            "count": 66
        },
        "Hummingbird.Environment.CumulativeReward.sum": {
            "value": 44050.70111402869,
            "min": 5738.019967854023,
            "max": 57744.59850715101,
            "count": 66
        },
        "Hummingbird.Policy.ExtrinsicReward.mean": {
            "value": 688.2922049066983,
            "min": 273.2390460882868,
            "max": 730.7830949445902,
            "count": 66
        },
        "Hummingbird.Policy.ExtrinsicReward.sum": {
            "value": 44050.70111402869,
            "min": 5738.019967854023,
            "max": 57744.59850715101,
            "count": 66
        },
        "Hummingbird.Policy.CuriosityReward.mean": {
            "value": 3.4074962819431676,
            "min": 0.6694620813553532,
            "max": 3.472019266007313,
            "count": 66
        },
        "Hummingbird.Policy.CuriosityReward.sum": {
            "value": 218.07976204436272,
            "min": 14.058703708462417,
            "max": 244.90338751813397,
            "count": 66
        },
        "Hummingbird.IsTraining.mean": {
            "value": 1.0,
            "min": 1.0,
            "max": 1.0,
            "count": 66
        },
        "Hummingbird.IsTraining.sum": {
            "value": 1.0,
            "min": 1.0,
            "max": 1.0,
            "count": 66
        }
    },
    "metadata": {
        "timer_format_version": "0.1.0",
        "start_time_seconds": "1621247881",
        "python_version": "3.7.4 (tags/v3.7.4:e09359112e, Jul  8 2019, 20:34:20) [MSC v.1916 64 bit (AMD64)]",
        "command_line_arguments": "C:\\Users\\franc\\AppData\\Local\\Programs\\Python\\Python37\\Scripts\\mlagents-learn config\\hummingbird_torus\\pyramids_mem.yaml --run-id=2DTorusWithYaw.21",
        "mlagents_version": "0.26.0",
        "mlagents_envs_version": "0.26.0",
        "communication_protocol_version": "1.5.0",
        "pytorch_version": "1.7.1+cu110",
        "numpy_version": "1.20.1",
        "end_time_seconds": "1621251101"
    },
    "total": 3219.9585398,
    "count": 1,
    "self": 0.008330000000114524,
    "children": {
        "run_training.setup": {
            "total": 0.11004340000000001,
            "count": 1,
            "self": 0.11004340000000001
        },
        "TrainerController.start_learning": {
            "total": 3219.8401664,
            "count": 1,
            "self": 1.0175812000115911,
            "children": {
                "TrainerController._reset_env": {
                    "total": 8.5496596,
                    "count": 1,
                    "self": 8.5496596
                },
                "TrainerController.advance": {
                    "total": 3210.0722540999886,
                    "count": 48213,
                    "self": 1.0149483000332111,
                    "children": {
                        "env_step": {
                            "total": 1143.3892610999621,
                            "count": 48213,