{
    "name": "root",
    "gauges": {
        "Hummingbird.Policy.Entropy.mean": {
            "value": 1.953391671180725,
            "min": 1.8325685262680054,
            "max": 2.7662947177886963,
            "count": 161
        },
        "Hummingbird.Policy.Entropy.sum": {
            "value": 59246.37109375,
            "min": 54097.421875,
            "max": 82301.5,
            "count": 161
        },
        "Hummingbird.Environment.EpisodeLength.mean": {
            "value": 341.11764705882354,
            "min": 84.4918918918919,
            "max": 693.4883720930233,
            "count": 161
        },
        "Hummingbird.Environment.EpisodeLength.sum": {
            "value": 28995.0,
            "min": 12509.0,
            "max": 43132.0,
            "count": 161
        },
        "Hummingbird.Step.mean": {
            "value": 4829968.0,
            "min": 29896.0,
            "max": 4829968.0,
            "count": 161
        },
        "Hummingbird.Step.sum": {
            "value": 4829968.0,
            "min": 29896.0,
            "max": 4829968.0,
            "count": 161
        },
        "Hummingbird.Policy.ExtrinsicValueEstimate.mean": {
            "value": 134.8438720703125,
            "min": 56.74943923950195,
            "max": 158.729736328125,
            "count": 161
        },
        "Hummingbird.Policy.ExtrinsicValueEstimate.sum": {
            "value": 36407.84375,
            "min": 14187.359375,
            "max": 43895.30859375,
            "count": 161
        },
        "Hummingbird.Policy.CuriosityValueEstimate.mean": {
            "value": 0.5712659955024719,
            "min": 0.40485361218452454,
            "max": 1.247897744178772,
            "count": 161
        },
        "Hummingbird.Policy.CuriosityValueEstimate.sum": {
            "value": 154.2418212890625,
            "min": 102.42796325683594,
            "max": 383.1046142578125,
            "count": 161
        },
        "Hummingbird.Environment.CumulativeReward.mean": {
            "value": 797.5916998540654,
            "min": 125.41264201660414,
            "max": 804.0107231679998,
            "count": 161
        },
        "Hummingbird.Environment.CumulativeReward.sum": {
            "value": 67795.29448759556,
            "min": 23201.338773071766,
            "max": 81202.29053711891,
            "count": 161
        },
        "Hummingbird.Policy.ExtrinsicReward.mean": {
            "value": 797.5916998540654,
            "min": 125.41264201660414,
            "max": 804.0107231679998,
            "count": 161
        },
        "Hummingbird.Policy.ExtrinsicReward.sum": {
            "value": 67795.29448759556,
            "min": 23201.338773071766,
            "max": 81202.29053711891,
            "count": 161
        },
        "Hummingbird.Policy.CuriosityReward.mean": {
            "value": 1.537976693800267,
            "min": 1.1533744928804603,
            "max": 4.929594570895036,
            "count": 161
        },
        "Hummingbird.Policy.CuriosityReward.sum": {
            "value": 130.7280189730227,
            "min": 59.33776963502169,
            "max": 377.95895477570593,
            "count": 161
        },
        "Hummingbird.Losses.PolicyLoss.mean": {
            "value": 0.17358881404788917,
            "min": 0.12447876740262132,
            "max": 0.23198102222596378,
            "count": 161
        },
        "Hummingbird.Losses.PolicyLoss.sum": {
            "value": 1.2151216983352242,
            "min": 0.893784873961522,
            "max": 1.8558481778077103,
            "count": 161
        },
        "Hummingbird.Losses.ValueLoss.mean": {
            "value": 185.1026063987187,
            "min": 144.7035151251725,
            "max": 480.19984389841557,
            "count": 161
        },
        "Hummingbird.Losses.ValueLoss.sum": {
            "value": 1295.7182447910309,
            "min": 1012.9246058762074,
            "max": 3841.5987511873245,
            "count": 161
        },
        "Hummingbird.Policy.LearningRate.mean": {
            "value": 0.0001555509695782643,
            "min": 0.0001555509695782643,
            "max": 0.0002995598326467225,
            "count": 161
        },
        "Hummingbird.Policy.LearningRate.sum": {
            "value": 0.00108885678704785,
            "min": 0.00108885678704785,
            "max": 0.00239647866117378,
            "count": 161
        },
        "Hummingbird.Policy.Epsilon.mean": {
            "value": 0.15185030714285716,
            "min": 0.15185030714285716,
            "max": 0.19985327749999998,
            "count": 161
        },
        "Hummingbird.Policy.Epsilon.sum": {
            "value": 1.06295215,
            "min": 1.06295215,
            "max": 1.5988262199999999,
            "count": 161
        },
        "Hummingbird.Policy.Beta.mean": {
            "value": 0.005189845683571429,
            "min": 0.005189845683571429,
            "max": 0.00998534242225,
            "count": 161
        },
        "Hummingbird.Policy.Beta.sum": {
            "value": 0.036328919785000004,
            "min": 0.036328919785000004,
            "max": 0.079882739378,
            "count": 161
        },
        "Hummingbird.Losses.CuriosityForwardLoss.mean": {
            "value": 0.21037297968619637,
            "min": 0.15105435196476588,
            "max": 0.7262305801462692,
            "count": 161
        },
        "Hummingbird.Losses.CuriosityForwardLoss.sum": {
            "value": 1.4726108578033745,
            "min": 1.0573804637533613,
            "max": 5.809844641170153,
            "count": 161
        },
        "Hummingbird.Losses.CuriosityInverseLoss.mean": {
            "value": 0.23290618086632872,
            "min": 0.187542098807171,
            "max": 1.7680162561591715,
            "count": 161
        },
        "Hummingbird.Losses.CuriosityInverseLoss.sum": {
            "value": 1.6303432660643011,
            "min": 1.375680235447362,
            "max": 14.144130049273372,
            "count": 161
        },
        "Hummingbird.IsTraining.mean": {
            "value": 1.0,
            "min": 1.0,
            "max": 1.0,
            "count": 161
        },
        "Hummingbird.IsTraining.sum": {
            "value": 1.0,
            "min": 1.0,
            "max": 1.0,
            "count": 161
        }
    },
    "metadata": {
        "timer_format_version": "0.1.0",
        "start_time_seconds": "1621259436",
        "python_version": "3.7.4 (tags/v3.7.4:e09359112e, Jul  8 2019, 20:34:20) [MSC v.1916 64 bit (AMD64)]",
        "command_line_arguments": "C:\\Users\\franc\\AppData\\Local\\Programs\\Python\\Python37\\Scripts\\mlagents-learn config\\hummingbird_torus\\pyramids_mem_immersive.yaml --initialize-from=2DTorusWithYaw.22 --run-id=2DTorusWithYaw.23",
        "mlagents_version": "0.26.0",
        "mlagents_envs_version": "0.26.0",
        "communication_protocol_version": "1.5.0",
        "pytorch_version": "1.7.1+cu110",
        "numpy_version": "1.20.1",
        "end_time_seconds": "1621266100"
    },
    "total": 6664.5336050000005,
    "count": 1,
    "self": 0.009199200000693963,
    "children": {
        "run_training.setup": {
            "total": 0.11208930000000006,
            "count": 1,
            "self": 0.11208930000000006
        },
        "TrainerController.start_learning": {
            "total": 6664.4123165,
            "count": 1,
            "self": 2.458732600272924,
            "children": {
                "TrainerController._reset_env": {
                    "total": 9.142747,
                    "count": 1,
                    "self": 9.142747
                },
                "TrainerController.advance": {
                    "total": 6652.612947499727,
                    "count": 117007,
                    "self": 2.5658034996804417,
                    "children": {
                        "env_step": {
                            "total": 2469.168296000087,