{
    "name": "root",
    "gauges": {
        "Hummingbird.Policy.Entropy.mean": {
            "value": 3.2541866302490234,
            "min": 3.1728389263153076,
            "max": 3.287853240966797,
            "count": 124
        },
        "Hummingbird.Policy.Entropy.sum": {
            "value": 35145.21484375,
            "min": 29958.8046875,
            "max": 37876.0703125,
            "count": 124
        },
        "Hummingbird.Step.mean": {
            "value": 1239956.0,
            "min": 9984.0,
            "max": 1239956.0,
            "count": 124
        },
        "Hummingbird.Step.sum": {
            "value": 1239956.0,
            "min": 9984.0,
            "max": 1239956.0,
            "count": 124
        },
        "Hummingbird.Policy.ExtrinsicValueEstimate.mean": {
            "value": 4.473811626434326,
            "min": 0.6047638654708862,
            "max": 18.651700973510742,
            "count": 124
        },
        "Hummingbird.Policy.ExtrinsicValueEstimate.sum": {
            "value": 724.7575073242188,
            "min": 94.3431625366211,
            "max": 3096.182373046875,
            "count": 124
        },
        "Hummingbird.Losses.PolicyLoss.mean": {
            "value": 0.17107738148188217,
            "min": 0.16548660345327493,
            "max": 0.4391971635729948,
            "count": 124
        },
        "Hummingbird.Losses.PolicyLoss.sum": {
            "value": 1.5396964333369396,
            "min": 1.1584062241729245,
            "max": 3.1352141679187,
            "count": 124
        },
        "Hummingbird.Losses.ValueLoss.mean": {
            "value": 7.567438259593178,
            "min": 0.4021886722546898,
            "max": 673.0651495629834,
            "count": 124
        },
        "Hummingbird.Losses.ValueLoss.sum": {
            "value": 68.1069443363386,
            "min": 3.2175093780375184,
            "max": 4711.456046940883,
            "count": 124
        },
        "Hummingbird.Policy.LearningRate.mean": {
            "value": 0.00026294906568364885,
            "min": 0.00026294906568364885,
            "max": 0.0002998464000512,
            "count": 124
        },
        "Hummingbird.Policy.LearningRate.sum": {
            "value": 0.0023665415911528396,
            "min": 0.0017810737263087597,
            "max": 0.0026230614256461996,
            "count": 124
        },
        "Hummingbird.Policy.Epsilon.mean": {
            "value": 0.18764968444444444,
            "min": 0.18764968444444444,
            "max": 0.1999488,
            "count": 124
        },
        "Hummingbird.Policy.Epsilon.sum": {
            "value": 1.68884716,
            "min": 1.19369124,
            "max": 1.7743538,
            "count": 124
        },
        "Hummingbird.Policy.Beta.mean": {
            "value": 0.026296140364888886,
            "min": 0.026296140364888886,
            "max": 0.029984645120000004,
            "count": 124
        },
        "Hummingbird.Policy.Beta.sum": {
            "value": 0.23666526328399998,
            "min": 0.17810800287599998,
            "max": 0.26230870462,
            "count": 124
        },
        "Hummingbird.IsTraining.mean": {
            "value": 1.0,
            "min": 1.0,
            "max": 1.0,
            "count": 124
        },
        "Hummingbird.IsTraining.sum": {
            "value": 1.0,
            "min": 1.0,
            "max": 1.0,
            "count": 124
        },
        "Hummingbird.Environment.EpisodeLength.mean": {
            "value": 799.0,
            "min": 579.0,
            "max": 799.0,
            "count": 115
        },
        "Hummingbird.Environment.EpisodeLength.sum": {
            "value": 9588.0,
            "min": 799.0,
            "max": 23970.0,
            "count": 115
        },
        "Hummingbird.Environment.CumulativeReward.mean": {
            "value": 95.00914972478694,
            "min": -4.0,
            "max": 810.7754974365234,
            "count": 115
        },
        "Hummingbird.Environment.CumulativeReward.sum": {
            "value": 1045.1006469726562,
            "min": -40.0,
            "max": 7976.042966842651,
            "count": 115
        },
        "Hummingbird.Policy.ExtrinsicReward.mean": {
            "value": 95.00914972478694,
            "min": -4.0,
            "max": 810.7754974365234,
            "count": 115
        },
        "Hummingbird.Policy.ExtrinsicReward.sum": {
            "value": 1045.1006469726562,
            "min": -40.0,
            "max": 7976.042966842651,
            "count": 115
        }
    },
    "metadata": {
        "timer_format_version": "0.1.0",
        "start_time_seconds": "1621193819",
        "python_version": "3.7.4 (tags/v3.7.4:e09359112e, Jul  8 2019, 20:34:20) [MSC v.1916 64 bit (AMD64)]",
        "command_line_arguments": "C:\\Users\\franc\\AppData\\Local\\Programs\\Python\\Python37\\Scripts\\mlagents-learn config\\hummingbird_torus\\ppo128x3_mem.yaml --run-id=2DTorusWithYaw.12.NewRewardConceptCommited",
        "mlagents_version": "0.26.0",
        "mlagents_envs_version": "0.26.0",
        "communication_protocol_version": "1.5.0",
        "pytorch_version": "1.7.1+cu110",
        "numpy_version": "1.20.1",
        "end_time_seconds": "1621195066"
    },
    "total": 1247.5956143,
    "count": 1,
    "self": 0.008180199999969773,
    "children": {
        "run_training.setup": {
            "total": 0.13201770000000002,
            "count": 1,
            "self": 0.13201770000000002
        },
        "TrainerController.start_learning": {
            "total": 1247.4554164,
            "count": 1,
            "self": 1.9659673000044222,
            "children": {
                "TrainerController._reset_env": {
                    "total": 7.5285017,
                    "count": 1,
                    "self": 7.5285017
                },
                "TrainerController.advance": {
                    "total": 1237.8127656999957,
                    "count": 42605,
                    "self": 0.6482041000037952,
                    "children": {
                        "env_step": {
                            "total": 1237.1645615999919,
                            "count": 42605,
                            "self": 850.9596359999867,
                            "children": {
                                "SubprocessEnvManager._take_step": {
                                    "total": 385.55213149999724,
                                    "count": 42605,
                                    "self": 4.9073410999843645,
                                    "children": {
                                        "TorchPolicy.evaluate": {
                                            "total": 380.6447904000129,
                                            "count": 41684,
                                            "self": 85.13781290000838,
                                            "children": {
                                                "TorchPolicy.sample_actions": {
                                                    "total": 295.5069775000045,
                                                    "count": 41684,
                                                    "self": 295.5069775000045
                                                }
                                            }
                                        }
                                    }
                                },
                                "workers": {
                                    "total": 0.6527941000078954,
                                    "count": 42604,
                                    "self": 0.0,
                                    "children": {
                                        "worker_root": {
                                            "total": 1238.6332332999884,
                                            "count": 42604,
                                            "is_parallel": true,