{
    "name": "root",
    "gauges": {
        "Hummingbird.Policy.Entropy.mean": {
            "value": 3.0280072689056396,
            "min": 3.0280072689056396,
            "max": 3.2257819175720215,
            "count": 4
        },
        "Hummingbird.Policy.Entropy.sum": {
            "value": 93065.8046875,
            "min": 90298.7578125,
            "max": 106402.4140625,
            "count": 4
        },
        "Hummingbird.Step.mean": {
            "value": 119985.0,
            "min": 29969.0,
            "max": 119985.0,
            "count": 4
        },
        "Hummingbird.Step.sum": {
            "value": 119985.0,
            "min": 29969.0,
            "max": 119985.0,
            "count": 4
        },
        "Hummingbird.Policy.ExtrinsicValueEstimate.mean": {
            "value": 189.06365966796875,
            "min": 34.91227340698242,
            "max": 189.06365966796875,
            "count": 4
        },
        "Hummingbird.Policy.ExtrinsicValueEstimate.sum": {
            "value": 53315.953125,
            "min": 8797.892578125,
            "max": 53315.953125,
            "count": 4
        },
        "Hummingbird.Policy.CuriosityValueEstimate.mean": {
            "value": 0.0824352279305458,
            "min": 0.013485783711075783,
            "max": 0.11290982365608215,
            "count": 4
        },
        "Hummingbird.Policy.CuriosityValueEstimate.sum": {
            "value": 23.246734619140625,
            "min": 3.3984174728393555,
            "max": 31.163110733032227,
            "count": 4
        },
        "Hummingbird.Losses.PolicyLoss.mean": {
            "value": 0.06787518834528869,
            "min": 0.06732538363704058,
            "max": 0.06913576845998146,
            "count": 4
        },
        "Hummingbird.Losses.PolicyLoss.sum": {
            "value": 0.9502526368340417,
            "min": 0.4772764912743494,
            "max": 0.9679007584397403,
            "count": 4
        },
        "Hummingbird.Losses.ValueLoss.mean": {
            "value": 652.4466148397835,
            "min": 255.57201676930077,
            "max": 652.4466148397835,
            "count": 4
        },
        "Hummingbird.Losses.ValueLoss.sum": {
            "value": 9134.25260775697,
            "min": 1789.0041173851055,
            "max": 9134.25260775697,
            "count": 4
        },
        "Hummingbird.Policy.LearningRate.mean": {
            "value": 0.00029684865105044993,
            "min": 0.00029684865105044993,
            "max": 0.00029940446591279713,
            "count": 4
        },
        "Hummingbird.Policy.LearningRate.sum": {
            "value": 0.004155881114706299,
            "min": 0.00209583126138958,
            "max": 0.004180920216359929,
            "count": 4
        },
        "Hummingbird.Policy.Epsilon.mean": {
            "value": 0.19894955000000003,
            "min": 0.19894955000000003,
            "max": 0.19980148857142857,
            "count": 4
        },
        "Hummingbird.Policy.Epsilon.sum": {
            "value": 2.7852937000000004,
            "min": 1.39861042,
            "max": 2.79364007,
            "count": 4
        },
        "Hummingbird.Policy.Beta.mean": {
            "value": 0.009895060045,
            "min": 0.009895060045,
            "max": 0.009980168708285716,
            "count": 4
        },
        "Hummingbird.Policy.Beta.sum": {
            "value": 0.13853084062999999,
            "min": 0.06986118095800001,
            "max": 0.139364642993,
            "count": 4
        },
        "Hummingbird.Losses.CuriosityForwardLoss.mean": {
            "value": 0.060610711743144696,
            "min": 0.05149353937968528,
            "max": 0.10110701095377993,
            "count": 4
        },
        "Hummingbird.Losses.CuriosityForwardLoss.sum": {
            "value": 0.8485499644040257,
            "min": 0.7077490766764595,
            "max": 0.8485499644040257,
            "count": 4
        },
        "Hummingbird.Losses.CuriosityInverseLoss.mean": {
            "value": 2.8687205103014697,
            "min": 2.8687205103014697,
            "max": 3.1556638304796047,
            "count": 4
        },
        "Hummingbird.Losses.CuriosityInverseLoss.sum": {
            "value": 40.16208714422058,
            "min": 22.089646813357234,
            "max": 42.23555008018458,
            "count": 4
        },
        "Hummingbird.Environment.EpisodeLength.mean": {
            "value": 339.6170212765957,
            "min": 339.6170212765957,
            "max": 591.027027027027,
            "count": 4
        },
        "Hummingbird.Environment.EpisodeLength.sum": {
            "value": 31924.0,
            "min": 21868.0,
            "max": 31924.0,
            "count": 4
        },
        "Hummingbird.Environment.CumulativeReward.mean": {
            "value": 799.0,
            "min": 796.8625,
            "max": 799.0,
            "count": 4
        },
        "Hummingbird.Environment.CumulativeReward.sum": {
            "value": 75905.0,
            "min": 29563.0,
            "max": 75905.0,
            "count": 4
        },
        "Hummingbird.Policy.ExtrinsicReward.mean": {
            "value": 799.0,
            "min": 796.8625,
            "max": 799.0,
            "count": 4
        },
        "Hummingbird.Policy.ExtrinsicReward.sum": {
            "value": 75905.0,
            "min": 29563.0,
            "max": 75905.0,
            "count": 4
        },
        "Hummingbird.Policy.CuriosityReward.mean": {
            "value": 0.418543863998677,
            "min": 0.38291118566849036,
            "max": 0.8254076015468486,
            "count": 4
        },
        "Hummingbird.Policy.CuriosityReward.sum": {
            "value": 39.761667079874314,
            "min": 30.540081257233396,
            "max": 39.761667079874314,
            "count": 4
        },
        "Hummingbird.IsTraining.mean": {
            "value": 1.0,
            "min": 1.0,
            "max": 1.0,
            "count": 4
        },
        "Hummingbird.IsTraining.sum": {
            "value": 1.0,
            "min": 1.0,
            "max": 1.0,
            "count": 4
        }
    },
    "metadata": {
        "timer_format_version": "0.1.0",
        "start_time_seconds": "1621244551",
        "python_version": "3.7.4 (tags/v3.7.4:e09359112e, Jul  8 2019, 20:34:20) [MSC v.1916 64 bit (AMD64)]",
        "command_line_arguments": "C:\\Users\\franc\\AppData\\Local\\Programs\\Python\\Python37\\Scripts\\mlagents-learn config\\hummingbird_torus\\pyramids.yaml --run-id=2DTorusWithYaw.18.rotationSpeed100",
        "mlagents_version": "0.26.0",
        "mlagents_envs_version": "0.26.0",
        "communication_protocol_version": "1.5.0",
        "pytorch_version": "1.7.1+cu110",
        "numpy_version": "1.20.1",
        "end_time_seconds": "1621244768"
    },
    "total": 216.8634182,
    "count": 1,
    "self": 0.006611300000031406,
    "children": {
        "run_training.setup": {
            "total": 0.12482020000000005,
            "count": 1,
            "self": 0.12482020000000005
        },
        "TrainerController.start_learning": {
            "total": 216.7319867,
            "count": 1,
            "self": 0.061869899999805966,
            "children": {
                "TrainerController._reset_env": {
                    "total": 34.3387366,
                    "count": 1,
                    "self": 34.3387366
                },
                "TrainerController.advance": {
                    "total": 182.1474585000002,
                    "count": 2983,
                    "self": 0.06230020000015202,
                    "children": {
                        "env_step": {
                            "total": 63.84208879999999,
                            "count": 2983,
                            "self": 52.9524897000003,