{
    "name": "root",
    "gauges": {
        "Hummingbird.Policy.Entropy.mean": {
            "value": 4.940515518188477,
            "min": 4.918804168701172,
            "max": 4.940515518188477,
            "count": 4
        },
        "Hummingbird.Policy.Entropy.sum": {
            "value": 100984.1328125,
            "min": 25577.78125,
            "max": 100984.1328125,
            "count": 4
        },
        "Hummingbird.Environment.EpisodeLength.mean": {
            "value": 799.0,
            "min": 40.75,
            "max": 799.0,
            "count": 4
        },
        "Hummingbird.Environment.EpisodeLength.sum": {
            "value": 28764.0,
            "min": 163.0,
            "max": 28764.0,
            "count": 4
        },
        "Hummingbird.Step.mean": {
            "value": 4559971.0,
            "min": 4499942.0,
            "max": 4559971.0,
            "count": 4
        },
        "Hummingbird.Step.sum": {
            "value": 4559971.0,
            "min": 4499942.0,
            "max": 4559971.0,
            "count": 4
        },
        "Hummingbird.Policy.ExtrinsicValueEstimate.mean": {
            "value": -1.0983437299728394,
            "min": -43.49774932861328,
            "max": -1.0983437299728394,
            "count": 4
        },
        "Hummingbird.Policy.ExtrinsicValueEstimate.sum": {
            "value": -362.45343017578125,
            "min": -4786.64794921875,
            "max": -362.45343017578125,
            "count": 4
        },
        "Hummingbird.Environment.CumulativeReward.mean": {
            "value": -4.541085996798107,
            "min": -4.541085996798107,
            "max": 0.7962499856948853,
            "count": 4
        },
        "Hummingbird.Environment.CumulativeReward.sum": {
            "value": -158.93800988793373,
            "min": -158.93800988793373,
            "max": 3.184999942779541,
            "count": 4
        },
        "Hummingbird.Policy.ExtrinsicReward.mean": {
            "value": -4.541085996798107,
            "min": -4.541085996798107,
            "max": 0.7962499856948853,
            "count": 4
        },
        "Hummingbird.Policy.ExtrinsicReward.sum": {
            "value": -158.93800988793373,
            "min": -158.93800988793373,
            "max": 3.184999942779541,
            "count": 4
        },
        "Hummingbird.Losses.PolicyLoss.mean": {
            "value": 0.20406256515319304,
            "min": 0.16096915778416587,
            "max": 0.22591270093131852,
            "count": 4
        },
        "Hummingbird.Losses.PolicyLoss.sum": {
            "value": 3.469063607604282,
            "min": 0.6466961837063233,
            "max": 3.6146032149010963,
            "count": 4
        },
        "Hummingbird.Losses.ValueLoss.mean": {
            "value": 0.7093945165943153,
            "min": 0.7093945165943153,
            "max": 35.30674729347229,
            "count": 4
        },
        "Hummingbird.Losses.ValueLoss.sum": {
            "value": 12.05970678210336,
            "min": 12.05970678210336,
            "max": 105.92024188041687,
            "count": 4
        },
        "Hummingbird.Policy.LearningRate.mean": {
            "value": 0.0001634942237372347,
            "min": 0.0001634942237372347,
            "max": 0.0001650488749837233,
            "count": 4
        },
        "Hummingbird.Policy.LearningRate.sum": {
            "value": 0.0027794018035329896,
            "min": 0.0004951466249511699,
            "max": 0.0027794018035329896,
            "count": 4
        },
        "Hummingbird.Policy.Epsilon.mean": {
            "value": 0.15449805941176473,
            "min": 0.15449805941176473,
            "max": 0.1550162766666667,
            "count": 4
        },
        "Hummingbird.Policy.Epsilon.sum": {
            "value": 2.6264670100000003,
            "min": 0.4650488300000001,
            "max": 2.6264670100000003,
            "count": 4
        },
        "Hummingbird.Policy.Beta.mean": {
            "value": 0.016353968017588233,
            "min": 0.016353968017588233,
            "max": 0.01650938137233333,
            "count": 4
        },
        "Hummingbird.Policy.Beta.sum": {
            "value": 0.278017456299,
            "min": 0.04952814411699999,
            "max": 0.278017456299,
            "count": 4
        },
        "Hummingbird.IsTraining.mean": {
            "value": 1.0,
            "min": 1.0,
            "max": 1.0,
            "count": 4
        },
        "Hummingbird.IsTraining.sum": {
            "value": 1.0,
            "min": 1.0,
            "max": 1.0,
            "count": 4
        }
    },
    "metadata": {
        "timer_format_version": "0.1.0",
        "start_time_seconds": "1620912377",
        "python_version": "3.7.4 (tags/v3.7.4:e09359112e, Jul  8 2019, 20:34:20) [MSC v.1916 64 bit (AMD64)]",
        "command_line_arguments": "C:\\Users\\franc\\AppData\\Local\\Programs\\Python\\Python37\\Scripts\\mlagents-learn config\\hummingbirdBasic2D.yaml --run-id=hummingbird.2DRaycast.4 --resume",
        "mlagents_version": "0.26.0",
        "mlagents_envs_version": "0.26.0",
        "communication_protocol_version": "1.5.0",
        "pytorch_version": "1.7.1+cu110",
        "numpy_version": "1.20.1",
        "end_time_seconds": "1620912451"
    },
    "total": 74.2130613,
    "count": 1,
    "self": 0.007396200000016506,
    "children": {
        "run_training.setup": {
            "total": 0.11383189999999999,
            "count": 1,
            "self": 0.11383189999999999
        },
        "TrainerController.start_learning": {
            "total": 74.0918332,
            "count": 1,
            "self": 0.35821500000022866,
            "children": {
                "TrainerController._reset_env": {
                    "total": 14.182604099999999,
                    "count": 1,
                    "self": 14.182604099999999
                },
                "TrainerController.advance": {
                    "total": 59.44763069999977,
                    "count": 3649,
                    "self": 0.04528469999944207,
                    "children": {
                        "env_step": {
                            "total": 59.40234600000033,
                            "count": 3649,
                            "self": 44.70248800000017,
                            "children": {
                                "SubprocessEnvManager._take_step": {
                                    "total": 14.645713500000314,
                                    "count": 3649,
                                    "self": 0.34804770000046403,
                                    "children": {
                                        "TorchPolicy.evaluate": {
                                            "total": 14.29766579999985,
                                            "count": 3631,
                                            "self": 3.8717122000000614,
                                            "children": {
                                                "TorchPolicy.sample_actions": {
                                                    "total": 10.425953599999788,
                                                    "count": 3631,
                                                    "self": 10.425953599999788
                                                }
                                            }
                                        }
                                    }
                                },
                                "workers": {
                                    "total": 0.05414449999983795,
                                    "count": 3648,
                                    "self": 0.0,
                                    "children": {
                                        "worker_root": {
                                            "total": 60.71027910000033,
                                            "count": 3648,