{"count":1,"self":2435.078144,"total":48386.7199798,"children":{"InitializeActuators":{"count":1,"self":0.00099969999999999985,"total":0.00099969999999999985,"children":null},"InitializeSensors":{"count":1,"self":0.005,"total":0.005,"children":null},"AgentSendState":{"count":12504313,"self":104.6623808,"total":197.4313565,"children":{"CollectObservations":{"count":2500863,"self":3.429694,"total":3.4296938999999997,"children":null},"WriteActionMask":{"count":2500863,"self":3.0447661999999998,"total":3.0447661999999998,"children":null},"RequestDecision":{"count":2500863,"self":11.3196704,"total":86.294516899999991,"children":{"AgentInfo.ToProto":{"count":2500863,"self":12.079757599999999,"total":74.9748468,"children":{"GenerateSensorData":{"count":2500863,"self":55.312044799999995,"total":62.895089199999994,"children":{"RayPerceptionSensor.Perceive":{"count":2500863,"self":7.5830432,"total":7.5830433,"children":null}}}}}}}}},"DecideAction":{"count":12504313,"self":45724.4377088,"total":45724.4369607,"children":null},"AgentAct":{"count":12504313,"self":29.7254848,"total":29.7384825,"children":{"AgentInfo.ToProto":{"count":376,"self":0,"total":0.012999199999999999,"children":{"GenerateSensorData":{"count":376,"self":0.0120004,"total":0.012999199999999999,"children":{"RayPerceptionSensor.Perceive":{"count":376,"self":0.0009988,"total":0.0009988,"children":null}}}}}}},"AgentInfo.ToProto":{"count":667,"self":0.0049990999999999994,"total":0.0259928,"children":{"GenerateSensorData":{"count":667,"self":0.0189951,"total":0.0209937,"children":{"RayPerceptionSensor.Perceive":{"count":667,"self":0.0019986,"total":0.0019986,"children":null}}}}}},"gauges":{"Drone.CumulativeReward":{"count":1043,"max":5392.61426,"min":-1,"runningAverage":22.3749275,"value":32.483696,"weightedAverage":16.49998}},"metadata":{"timer_format_version":"0.1.0","start_time_seconds":"1624545370","unity_version":"2021.1.6f1","command_line_arguments":"D:\\Unity Hub Projects AI ML\\ma-unity\\2DTorusRaycast\\..\\builds\\drone2D_run11\\ultron_yolo-unity.exe -nographics -batchmode --mlagents-port 5006 -logFile D:\\Unity Hub Projects AI ML\\ma-unity\\2DTorusRaycast\\results\\ExplorerDrone.11\\run_logs\\Player-1.log","communication_protocol_version":"1.5.0","com.unity.ml-agents_version":"2.0.0-exp.1","scene_name":"HeuristicDroneCollider","end_time_seconds":"1624593757"}}