{
    "name": "root",
    "gauges": {
        "Hummingbird.Policy.Entropy.mean": {
            "value": 1.4241005182266235,
            "min": 1.4189516305923462,
            "max": 1.429569959640503,
            "count": 10
        },
        "Hummingbird.Policy.Entropy.sum": {
            "value": 71717.703125,
            "min": 70694.0625,
            "max": 71966.4765625,
            "count": 10
        },
        "Hummingbird.Step.mean": {
            "value": 499982.0,
            "min": 49966.0,
            "max": 499982.0,
            "count": 10
        },
        "Hummingbird.Step.sum": {
            "value": 499982.0,
            "min": 49966.0,
            "max": 499982.0,
            "count": 10
        },
        "Hummingbird.Policy.ExtrinsicValueEstimate.mean": {
            "value": -0.0023683602921664715,
            "min": -0.0023683602921664715,
            "max": 0.5751514434814453,
            "count": 10
        },
        "Hummingbird.Policy.ExtrinsicValueEstimate.sum": {
            "value": -2.3896756172180176,
            "min": -2.3896756172180176,
            "max": 569.39990234375,
            "count": 10
        },
        "Hummingbird.Environment.EpisodeLength.mean": {
            "value": 199.0,
            "min": 198.925,
            "max": 199.0,
            "count": 10
        },
        "Hummingbird.Environment.EpisodeLength.sum": {
            "value": 51740.0,
            "min": 47742.0,
            "max": 51740.0,
            "count": 10
        },
        "Hummingbird.Environment.CumulativeReward.mean": {
            "value": 0.0,
            "min": -0.5354166666666667,
            "max": 0.0,
            "count": 10
        },
        "Hummingbird.Environment.CumulativeReward.sum": {
            "value": 0.0,
            "min": -128.5,
            "max": 0.0,
            "count": 10
        },
        "Hummingbird.Policy.ExtrinsicReward.mean": {
            "value": 0.0,
            "min": -0.5354166666666667,
            "max": 0.0,
            "count": 10
        },
        "Hummingbird.Policy.ExtrinsicReward.sum": {
            "value": 0.0,
            "min": -128.5,
            "max": 0.0,
            "count": 10
        },
        "Hummingbird.Losses.PolicyLoss.mean": {
            "value": 0.02076107916655019,
            "min": 0.02076107916655019,
            "max": 0.02694222144472102,
            "count": 10
        },
        "Hummingbird.Losses.PolicyLoss.sum": {
            "value": 0.08304431666620075,
            "min": 0.08304431666620075,
            "max": 0.1347111072236051,
            "count": 10
        },
        "Hummingbird.Losses.ValueLoss.mean": {
            "value": 4.0891474282034326e-05,
            "min": 4.0891474282034326e-05,
            "max": 0.031255781596216066,
            "count": 10
        },
        "Hummingbird.Losses.ValueLoss.sum": {
            "value": 0.0001635658971281373,
            "min": 0.0001635658971281373,
            "max": 0.12502312638486426,
            "count": 10
        },
        "Hummingbird.Policy.LearningRate.mean": {
            "value": 1.5273694908800002e-05,
            "min": 1.5273694908800002e-05,
            "max": 0.00028407360530879997,
            "count": 10
        },
        "Hummingbird.Policy.LearningRate.sum": {
            "value": 6.109477963520001e-05,
            "min": 6.109477963520001e-05,
            "max": 0.0012763644745451995,
            "count": 10
        },
        "Hummingbird.Policy.Epsilon.mean": {
            "value": 0.1050912,
            "min": 0.1050912,
            "max": 0.1946912,
            "count": 10
        },
        "Hummingbird.Policy.Epsilon.sum": {
            "value": 0.4203648,
            "min": 0.4203648,
            "max": 0.9254548,
            "count": 10
        },
        "Hummingbird.Policy.Beta.mean": {
            "value": 0.0002640508800000001,
            "min": 0.0002640508800000001,
            "max": 0.004735090880000001,
            "count": 10
        },
        "Hummingbird.Policy.Beta.sum": {
            "value": 0.0010562035200000004,
            "min": 0.0010562035200000004,
            "max": 0.02128019452,
            "count": 10
        },
        "Hummingbird.IsTraining.mean": {
            "value": 1.0,
            "min": 1.0,
            "max": 1.0,
            "count": 10
        },
        "Hummingbird.IsTraining.sum": {
            "value": 1.0,
            "min": 1.0,
            "max": 1.0,
            "count": 10
        }
    },
    "metadata": {
        "timer_format_version": "0.1.0",
        "start_time_seconds": "1620666072",
        "python_version": "3.7.4 (tags/v3.7.4:e09359112e, Jul  8 2019, 20:34:20) [MSC v.1916 64 bit (AMD64)]",
        "command_line_arguments": "C:\\Users\\franc\\AppData\\Local\\Programs\\Python\\Python37\\Scripts\\mlagents-learn --run-id=HummingbirdBasic1",
        "mlagents_version": "0.26.0",
        "mlagents_envs_version": "0.26.0",
        "communication_protocol_version": "1.5.0",
        "pytorch_version": "1.7.1+cu110",
        "numpy_version": "1.20.1",
        "end_time_seconds": "1620666490"
    },
    "total": 417.9424591,
    "count": 1,
    "self": 0.023869300000001203,
    "children": {
        "run_training.setup": {
            "total": 0.12571260000000006,
            "count": 1,
            "self": 0.12571260000000006
        },
        "TrainerController.start_learning": {
            "total": 417.7928772,
            "count": 1,
            "self": 0.4431131000042683,
            "children": {
                "TrainerController._reset_env": {
                    "total": 28.4971346,
                    "count": 1,
                    "self": 28.4971346
                },
                "TrainerController.advance": {
                    "total": 388.8159964999957,
                    "count": 25046,
                    "self": 0.5000915999919471,
                    "children": {
                        "env_step": {
                            "total": 221.935439900005,
                            "count": 25046,
                            "self": 180.12725750000325,
                            "children": {
                                "SubprocessEnvManager._take_step": {
                                    "total": 41.482816100002395,
                                    "count": 25046,
                                    "self": 1.4691236000026606,
                                    "children": {
                                        "TorchPolicy.evaluate": {
                                            "total": 40.013692499999735,
                                            "count": 25046,
                                            "self": 12.782439399997532,
                                            "children": {
                                                "TorchPolicy.sample_actions": {
                                                    "total": 27.231253100002203,
                                                    "count": 25046,
                                                    "self": 27.231253100002203
                                                }
                                            }
                                        }
                                    }
                                },
                                "workers": {
                                    "total": 0.3253662999993594,
                                    "count": 25046,
                                    "self": 0.0,
                                    "children": {
                                        "worker_root": {
                                            "total": 389.7142144999989,
                                            "count": 25046,
                                            "is_parallel": true,
                                            "self": 242.92515529999744,