{
    "name": "root",
    "gauges": {
        "Hummingbird.Policy.Entropy.mean": {
            "value": 0.717549204826355,
            "min": 0.6737710237503052,
            "max": 1.327923059463501,
            "count": 41
        },
        "Hummingbird.Policy.Entropy.sum": {
            "value": 8581.888671875,
            "min": 8058.3017578125,
            "max": 25549.240234375,
            "count": 41
        },
        "Hummingbird.Environment.EpisodeLength.mean": {
            "value": 13.287246722288439,
            "min": 13.140330188679245,
            "max": 957.25,
            "count": 41
        },
        "Hummingbird.Environment.EpisodeLength.sum": {
            "value": 11148.0,
            "min": 10792.0,
            "max": 12272.0,
            "count": 41
        },
        "Hummingbird.Step.mean": {
            "value": 491997.0,
            "min": 11233.0,
            "max": 491997.0,
            "count": 41
        },
        "Hummingbird.Step.sum": {
            "value": 491997.0,
            "min": 11233.0,
            "max": 491997.0,
            "count": 41
        },
        "Hummingbird.Policy.ExtrinsicValue.mean": {
            "value": -4.0033416748046875,
            "min": -8.060195922851562,
            "max": 4.499268054962158,
            "count": 41
        },
        "Hummingbird.Policy.ExtrinsicValue.sum": {
            "value": -3362.80712890625,
            "min": -4614.8720703125,
            "max": 88.94208526611328,
            "count": 41
        },
        "Hummingbird.Environment.CumulativeReward.mean": {
            "value": -6.9766666730244955,
            "min": -478.6583302815755,
            "max": -6.962782403376667,
            "count": 41
        },
        "Hummingbird.Environment.CumulativeReward.sum": {
            "value": -5860.400005340576,
            "min": -6230.399917602539,
            "max": -5478.59999704361,
            "count": 41
        },
        "Hummingbird.Policy.ExtrinsicReward.mean": {
            "value": -6.9766666730244955,
            "min": -478.6583302815755,
            "max": -6.962782403376667,
            "count": 41
        },
        "Hummingbird.Policy.ExtrinsicReward.sum": {
            "value": -5860.400005340576,
            "min": -6230.399917602539,
            "max": -5478.59999704361,
            "count": 41
        },
        "Hummingbird.Losses.PolicyLoss.mean": {
            "value": 4.772206662244267,
            "min": -4.292390260785556,
            "max": 9.846234354000945,
            "count": 41
        },
        "Hummingbird.Losses.PolicyLoss.sum": {
            "value": 5726.64799469312,
            "min": -5150.868312942667,
            "max": 11795.788756093132,
            "count": 41
        },
        "Hummingbird.Losses.ValueLoss.mean": {
            "value": 0.0060321107717528424,
            "min": 0.000972561350345447,
            "max": 0.05277425988553383,
            "count": 41
        },
        "Hummingbird.Losses.ValueLoss.sum": {
            "value": 7.238532926103411,
            "min": 1.118445552897264,
            "max": 59.265493851454494,
            "count": 41
        },
        "Hummingbird.Losses.Q1Loss.mean": {
            "value": 0.009730169301251106,
            "min": 0.001251226430551906,
            "max": 0.23502216385136301,
            "count": 41
        },
        "Hummingbird.Losses.Q1Loss.sum": {
            "value": 11.676203161501327,
            "min": 1.438910395134692,
            "max": 281.5565522939329,
            "count": 41
        },
        "Hummingbird.Losses.Q2Loss.mean": {
            "value": 0.00928670737663439,
            "min": 0.0012662671895560841,
            "max": 0.23785080257795324,
            "count": 41
        },
        "Hummingbird.Losses.Q2Loss.sum": {
            "value": 11.14404885196127,
            "min": 1.4562072679894968,
            "max": 284.945261488388,
            "count": 41
        },
        "Hummingbird.Policy.ContinuousEntropyCoeff.mean": {
            "value": 0.017468529573460626,
            "min": 0.01716223432752304,
            "max": 0.8501900658100997,
            "count": 41
        },
        "Hummingbird.Policy.ContinuousEntropyCoeff.sum": {
            "value": 20.96223548815275,
            "min": 19.855357550395034,
            "max": 954.763443904742,
            "count": 41
        },
        "Hummingbird.Policy.LearningRate.mean": {
            "value": 0.0003,
            "min": 0.0003,
            "max": 0.00030000000000000003,
            "count": 41
        },
        "Hummingbird.Policy.LearningRate.sum": {
            "value": 0.36,
            "min": 0.3369,
            "max": 0.37499999999999994,
            "count": 41
        },
        "Hummingbird.IsTraining.mean": {
            "value": 1.0,
            "min": 1.0,
            "max": 1.0,
            "count": 41
        },
        "Hummingbird.IsTraining.sum": {
            "value": 1.0,
            "min": 1.0,
            "max": 1.0,
            "count": 41
        }
    },
    "metadata": {
        "timer_format_version": "0.1.0",
        "start_time_seconds": "1620747530",
        "python_version": "3.7.4 (tags/v3.7.4:e09359112e, Jul  8 2019, 20:34:20) [MSC v.1916 64 bit (AMD64)]",
        "command_line_arguments": "C:\\Users\\franc\\AppData\\Local\\Programs\\Python\\Python37\\Scripts\\mlagents-learn config\\hummingbird1.yaml --initialize-from=HummingbirdBasic1.1 --run-id=HummingbirdBasic1.3",
        "mlagents_version": "0.26.0",
        "mlagents_envs_version": "0.26.0",
        "communication_protocol_version": "1.5.0",
        "pytorch_version": "1.7.1+cu110",
        "numpy_version": "1.20.1",
        "end_time_seconds": "1620749916"
    },
    "total": 2385.7937055,
    "count": 1,
    "self": 0.0919411000004402,
    "children": {
        "run_training.setup": {
            "total": 0.1261259,
            "count": 1,
            "self": 0.1261259
        },
        "TrainerController.start_learning": {
            "total": 2385.5756385,
            "count": 1,
            "self": 0.9432744000300772,
            "children": {
                "TrainerController._reset_env": {
                    "total": 9.9578895,
                    "count": 1,
                    "self": 9.9578895
                },
                "TrainerController.advance": {
                    "total": 2374.59892079997,
                    "count": 42101,
                    "self": 0.838706299961359,
                    "children": {
                        "env_step": {
                            "total": 293.5640498999839,
                            "count": 42101,
                            "self": 232.2281041000366,
                            "children": {
                                "SubprocessEnvManager._take_step": {
                                    "total": 60.79144879999227,
                                    "count": 42101,
                                    "self": 1.6933898000139678,
                                    "children": {
                                        "TorchPolicy.evaluate": {
                                            "total": 59.0980589999783,
                                            "count": 25006,
                                            "self": 11.534019200008494,
                                            "children": {
                                                "TorchPolicy.sample_actions": {
                                                    "total": 47.564039799969805,
                                                    "count": 25006,
                                                    "self": 47.564039799969805
                                                }
                                            }
                                        }
                                    }
                                },