{
    "name": "root",
    "gauges": {
        "Hummingbird.Policy.Entropy.mean": {
            "value": 3.2402095794677734,
            "min": 3.209954261779785,
            "max": 3.2742090225219727,
            "count": 61
        },
        "Hummingbird.Policy.Entropy.sum": {
            "value": 29745.123046875,
            "min": 12703.263671875,
            "max": 36061.71484375,
            "count": 61
        },
        "Hummingbird.Step.mean": {
            "value": 849958.0,
            "min": 249984.0,
            "max": 849958.0,
            "count": 61
        },
        "Hummingbird.Step.sum": {
            "value": 849958.0,
            "min": 249984.0,
            "max": 849958.0,
            "count": 61
        },
        "Hummingbird.Policy.ExtrinsicValueEstimate.mean": {
            "value": 3.0884361267089844,
            "min": 0.7209868431091309,
            "max": 10.788570404052734,
            "count": 61
        },
        "Hummingbird.Policy.ExtrinsicValueEstimate.sum": {
            "value": 528.12255859375,
            "min": 38.7747688293457,
            "max": 1693.8055419921875,
            "count": 61
        },
        "Hummingbird.Losses.PolicyLoss.mean": {
            "value": 0.2896818736789836,
            "min": 0.16986393588669005,
            "max": 0.39012778979016566,
            "count": 61
        },
        "Hummingbird.Losses.PolicyLoss.sum": {
            "value": 2.0277731157528853,
            "min": 0.2539028446190059,
            "max": 2.9131248089045885,
            "count": 61
        },
        "Hummingbird.Losses.ValueLoss.mean": {
            "value": 1.8535089753982092,
            "min": 0.041272822965402155,
            "max": 137.46667757160404,
            "count": 61
        },
        "Hummingbird.Losses.ValueLoss.sum": {
            "value": 12.974562827787464,
            "min": 0.041272822965402155,
            "max": 962.2667430012282,
            "count": 61
        },
        "Hummingbird.Policy.LearningRate.mean": {
            "value": 0.0002746456798800143,
            "min": 0.0002746456798800143,
            "max": 0.00029255040248320007,
            "count": 61
        },
        "Hummingbird.Policy.LearningRate.sum": {
            "value": 0.0019225197591601,
            "min": 0.00029255040248320007,
            "max": 0.0023387904204032004,
            "count": 61
        },
        "Hummingbird.Policy.Epsilon.mean": {
            "value": 0.19154855714285715,
            "min": 0.19154855714285715,
            "max": 0.19751679999999996,
            "count": 61
        },
        "Hummingbird.Policy.Epsilon.sum": {
            "value": 1.3408399,
            "min": 0.19751679999999996,
            "max": 1.5795968,
            "count": 61
        },
        "Hummingbird.Policy.Beta.mean": {
            "value": 0.02746541228714286,
            "min": 0.02746541228714286,
            "max": 0.029255288320000003,
            "count": 61
        },
        "Hummingbird.Policy.Beta.sum": {
            "value": 0.19225788601000002,
            "min": 0.029255288320000003,
            "max": 0.23388108032000002,
            "count": 61
        },
        "Hummingbird.IsTraining.mean": {
            "value": 1.0,
            "min": 1.0,
            "max": 1.0,
            "count": 61
        },
        "Hummingbird.IsTraining.sum": {
            "value": 1.0,
            "min": 1.0,
            "max": 1.0,
            "count": 61
        },
        "Hummingbird.Environment.EpisodeLength.mean": {
            "value": 799.0,
            "min": 796.0,
            "max": 799.0,
            "count": 32
        },
        "Hummingbird.Environment.EpisodeLength.sum": {
            "value": 23970.0,
            "min": 799.0,
            "max": 23970.0,
            "count": 32
        },
        "Hummingbird.Environment.CumulativeReward.mean": {
            "value": 41.71016135339936,
            "min": -0.9992500692605972,
            "max": 93.74620589725673,
            "count": 26
        },
        "Hummingbird.Environment.CumulativeReward.sum": {
            "value": 1251.3048406019807,
            "min": -0.9992500692605972,
            "max": 2812.386176917702,
            "count": 26
        },
        "Hummingbird.Policy.ExtrinsicReward.mean": {
            "value": 41.71016135339936,
            "min": -0.9992500692605972,
            "max": 93.74620589725673,
            "count": 26
        },
        "Hummingbird.Policy.ExtrinsicReward.sum": {
            "value": 1251.3048406019807,
            "min": -0.9992500692605972,
            "max": 2812.386176917702,
            "count": 26
        }
    },
    "metadata": {
        "timer_format_version": "0.1.0",
        "start_time_seconds": "1621191039",
        "python_version": "3.7.4 (tags/v3.7.4:e09359112e, Jul  8 2019, 20:34:20) [MSC v.1916 64 bit (AMD64)]",
        "command_line_arguments": "C:\\Users\\franc\\AppData\\Local\\Programs\\Python\\Python37\\Scripts\\mlagents-learn config\\hummingbird_torus\\ppo128x3_mem.yaml --run-id=2DTorusWithYaw.9withFlowerColliderMultiplicationAndMoveReward --resume",
        "mlagents_version": "0.26.0",
        "mlagents_envs_version": "0.26.0",
        "communication_protocol_version": "1.5.0",
        "pytorch_version": "1.7.1+cu110",
        "numpy_version": "1.20.1",
        "end_time_seconds": "1621191658"
    },
    "total": 618.8883328,
    "count": 1,
    "self": 0.006259300000010626,
    "children": {
        "run_training.setup": {
            "total": 0.13905179999999995,
            "count": 1,
            "self": 0.13905179999999995
        },
        "TrainerController.start_learning": {
            "total": 618.7430217,
            "count": 1,
            "self": 1.0744463999974414,
            "children": {
                "TrainerController._reset_env": {
                    "total": 5.2591744,
                    "count": 1,
                    "self": 5.2591744
                },
                "TrainerController.advance": {
                    "total": 612.2591718000025,
                    "count": 20478,
                    "self": 0.3103865000011865,
                    "children": {
                        "env_step": {
                            "total": 611.9487853000013,
                            "count": 20478,
                            "self": 433.22947899999656,
                            "children": {
                                "SubprocessEnvManager._take_step": {
                                    "total": 178.4001998000046,
                                    "count": 20478,
                                    "self": 2.3728885000069226,
                                    "children": {
                                        "TorchPolicy.evaluate": {
                                            "total": 176.02731129999768,
                                            "count": 20470,
                                            "self": 38.8901257000025,
                                            "children": {
                                                "TorchPolicy.sample_actions": {
                                                    "total": 137.13718559999518,
                                                    "count": 20470,
                                                    "self": 137.13718559999518
                                                }
                                            }
                                        }
                                    }
                                },
                                "workers": {
                                    "total": 0.31910650000012186,
                                    "count": 20477,
                                    "self": 0.0,
                                    "children": {
                                        "worker_root": {
                                            "total": 613.5341687000027,