{"count":1,"self":2.798874,"total":315.106863,"children":{"InitializeActuators":{"count":45,"self":0.0025299999999999997,"total":0.0025299999999999997,"children":null},"InitializeSensors":{"count":45,"self":0.005415,"total":0.005415,"children":null},"AgentSendState":{"count":1011,"self":0.39292299999999997,"total":0.60778599999999994,"children":{"CollectObservations":{"count":9135,"self":0.0031869999999999997,"total":0.0031869999999999997,"children":null},"WriteActionMask":{"count":9135,"self":0.0035429999999999997,"total":0.0035429999999999997,"children":null},"RequestDecision":{"count":9135,"self":0.019767999999999997,"total":0.20813299999999998,"children":{"AgentInfo.ToProto":{"count":9135,"self":0.011804,"total":0.188365,"children":{"GenerateSensorData":{"count":9135,"self":0.16067099999999998,"total":0.176561,"children":{"RayPerceptionSensor.Perceive":{"count":9135,"self":0.015889999999999998,"total":0.015889999999999998,"children":null}}}}}}}}},"DecideAction":{"count":1011,"self":311.56367359999996,"total":311.563673,"children":null},"AgentAct":{"count":1011,"self":0.126632,"total":0.126632,"children":null}},"gauges":{},"metadata":{"timer_format_version":"0.1.0","start_time_seconds":"1622577799","unity_version":"2021.1.6f1","command_line_arguments":"\/host\/unity_builds\/run32_training\/run32_training.x86_64 --mlagents-port 5005","communication_protocol_version":"1.5.0","com.unity.ml-agents_version":"2.0.0-exp.1","scene_name":"2D_Torus_WithYaw","end_time_seconds":"1622578114"}}