{"count":1,"self":1091.8483968,"total":9941.8333757,"children":{"InitializeActuators":{"count":45,"self":0.0010002,"total":0.0010002,"children":null},"InitializeSensors":{"count":45,"self":0.0050003999999999995,"total":0.0050003999999999995,"children":null},"AgentSendState":{"count":1111367,"self":437.43068159999996,"total":748.7664731,"children":{"CollectObservations":{"count":10002330,"self":6.6968032,"total":6.6968032,"children":null},"WriteActionMask":{"count":10002330,"self":5.3249336,"total":5.3249338,"children":null},"RequestDecision":{"count":10002330,"self":20.5301088,"total":299.3140469,"children":{"AgentInfo.ToProto":{"count":10002330,"self":20.2276144,"total":278.7839374,"children":{"GenerateSensorData":{"count":10002330,"self":244.5637888,"total":258.5563228,"children":{"RayPerceptionSensor.Perceive":{"count":10002330,"self":13.992540799999999,"total":13.9925404,"children":null}}}}}}}}},"DecideAction":{"count":1111367,"self":7843.1854592,"total":7843.1851051999993,"children":null},"AgentAct":{"count":1111367,"self":256.39841279999996,"total":257.7753653,"children":{"AgentInfo.ToProto":{"count":27719,"self":0.1109797,"total":1.3769539,"children":{"GenerateSensorData":{"count":27719,"self":1.1909767999999998,"total":1.2659742,"children":{"RayPerceptionSensor.Perceive":{"count":27719,"self":0.074997399999999992,"total":0.074997399999999992,"children":null}}}}}}},"AgentInfo.ToProto":{"count":5260,"self":0.0240032,"total":0.2509963,"children":{"GenerateSensorData":{"count":5260,"self":0.2099964,"total":0.2269931,"children":{"RayPerceptionSensor.Perceive":{"count":5260,"self":0.0169967,"total":0.0169967,"children":null}}}}}},"gauges":{"Hummingbird.CumulativeReward":{"count":32979,"max":847.6968,"min":-0.2800004,"runningAverage":729.5338,"value":760.8464,"weightedAverage":760.3014}},"metadata":{"timer_format_version":"0.1.0","start_time_seconds":"1622149005","unity_version":"2021.1.6f1","command_line_arguments":"C:\\Program Files\\Unity\\Hub\\Editor\\2021.1.6f1\\Editor\\Unity.exe -projectpath D:\/Unity Hub Projects AI ML\/ma-unity\/2DTorusRaycast_Optimiz -useHub -hubIPC -cloudEnvironment production -hubSessionId 93ff5280-bf29-11eb-a428-7d2e5f173eaf -accessToken a5NHnxBWiD3Y_WCpqeT4_P_uKfaXd70aI0zKEgDWFno008f","communication_protocol_version":"1.5.0","com.unity.ml-agents_version":"2.0.0-exp.1","scene_name":"2D_Torus_WithYaw","end_time_seconds":"1622158946"}}