{"count":1,"self":231.60294399999998,"total":534.715498,"children":{"InitializeActuators":{"count":1,"self":0.0020001999999999997,"total":0.0020001999999999997,"children":null},"InitializeSensors":{"count":1,"self":0.0020009999999999997,"total":0.0020009999999999997,"children":null},"AgentSendState":{"count":532436,"self":11.9027616,"total":12.434341799999999,"children":{"CollectObservations":{"count":106488,"self":0.12303679999999999,"total":0.12303679999999999,"children":null},"WriteActionMask":{"count":106488,"self":0.10395009999999999,"total":0.10395009999999999,"children":null},"RequestDecision":{"count":106488,"self":0.30459359999999996,"total":0.30459359999999996,"children":null}}},"DecideAction":{"count":532436,"self":178.9491584,"total":179.6042465,"children":{"RayPerceptionSensor.Perceive":{"count":425952,"self":0.65508539999999993,"total":0.65508539999999993,"children":null}}},"AgentAct":{"count":532436,"self":111.0659584,"total":111.06596289999999,"children":null}},"gauges":{"Hummingbird.CumulativeReward":{"count":53,"max":9601.153,"min":3286.86157,"runningAverage":9223.057,"value":9515.949,"weightedAverage":9403.879}},"metadata":{"timer_format_version":"0.1.0","start_time_seconds":"1621363946","unity_version":"2021.1.6f1","command_line_arguments":"D:\\Unity Hub Projects AI ML\\ma-unity\\builds\\run23\\basic0.exe","communication_protocol_version":"1.5.0","com.unity.ml-agents_version":"2.0.0-exp.1","scene_name":"2D_Torus_WithYaw","end_time_seconds":"1621364481"}}