{
    "name": "root",
    "gauges": {
        "Hummingbird.Policy.Entropy.mean": {
            "value": 2.1686272621154785,
            "min": 1.2797503471374512,
            "max": 2.182410955429077,
            "count": 7
        },
        "Hummingbird.Policy.Entropy.sum": {
            "value": 66945.5234375,
            "min": 40024.19140625,
            "max": 66945.5234375,
            "count": 7
        },
        "Hummingbird.Step.mean": {
            "value": 209884.0,
            "min": 29963.0,
            "max": 209884.0,
            "count": 7
        },
        "Hummingbird.Step.sum": {
            "value": 209884.0,
            "min": 29963.0,
            "max": 209884.0,
            "count": 7
        },
        "Hummingbird.Policy.ExtrinsicValueEstimate.mean": {
            "value": 221.5394287109375,
            "min": 208.11712646484375,
            "max": 268.8087463378906,
            "count": 7
        },
        "Hummingbird.Policy.ExtrinsicValueEstimate.sum": {
            "value": 74437.25,
            "min": 71800.40625,
            "max": 90201.734375,
            "count": 7
        },
        "Hummingbird.Policy.CuriosityValueEstimate.mean": {
            "value": 0.31896913051605225,
            "min": 0.30056387186050415,
            "max": 0.4127242863178253,
            "count": 7
        },
        "Hummingbird.Policy.CuriosityValueEstimate.sum": {
            "value": 107.17362976074219,
            "min": 102.8147201538086,
            "max": 135.37356567382812,
            "count": 7
        },
        "Hummingbird.Losses.PolicyLoss.mean": {
            "value": 0.17407604628078843,
            "min": 0.13339706675414129,
            "max": 0.18365923816405225,
            "count": 7
        },
        "Hummingbird.Losses.PolicyLoss.sum": {
            "value": 1.218532323965519,
            "min": 0.933779467278989,
            "max": 1.4441874166532216,
            "count": 7
        },
        "Hummingbird.Losses.ValueLoss.mean": {
            "value": 300.0878754087857,
            "min": 159.57281600683928,
            "max": 304.23733606353983,
            "count": 7
        },
        "Hummingbird.Losses.ValueLoss.sum": {
            "value": 2100.6151278615,
            "min": 1276.5825280547142,
            "max": 2426.3195242881775,
            "count": 7
        },
        "Hummingbird.Policy.LearningRate.mean": {
            "value": 0.00029415984194671997,
            "min": 0.00029415984194671997,
            "max": 0.0002994810601729799,
            "count": 7
        },
        "Hummingbird.Policy.LearningRate.sum": {
            "value": 0.00205911889362704,
            "min": 0.00205911889362704,
            "max": 0.002382438005854,
            "count": 7
        },
        "Hummingbird.Policy.Epsilon.mean": {
            "value": 0.19805328000000003,
            "min": 0.19805328000000003,
            "max": 0.19982702000000002,
            "count": 7
        },
        "Hummingbird.Policy.Epsilon.sum": {
            "value": 1.38637296,
            "min": 1.38637296,
            "max": 1.5941460000000003,
            "count": 7
        },
        "Hummingbird.Policy.Beta.mean": {
            "value": 0.009805522672,
            "min": 0.009805522672,
            "max": 0.009982719298,
            "count": 7
        },
        "Hummingbird.Policy.Beta.sum": {
            "value": 0.068638658704,
            "min": 0.068638658704,
            "max": 0.0794151854,
            "count": 7
        },
        "Hummingbird.Losses.CuriosityForwardLoss.mean": {
            "value": 0.11690502306113817,
            "min": 0.09285854060934591,
            "max": 0.11860599294595886,
            "count": 7
        },
        "Hummingbird.Losses.CuriosityForwardLoss.sum": {
            "value": 0.8183351614279673,
            "min": 0.6500097842654213,
            "max": 0.9488479435676709,
            "count": 7
        },
        "Hummingbird.Losses.CuriosityInverseLoss.mean": {
            "value": 0.10732082682495404,
            "min": 0.047637356590995925,
            "max": 0.139670897689939,
            "count": 7
        },
        "Hummingbird.Losses.CuriosityInverseLoss.sum": {
            "value": 0.7512457877746783,
            "min": 0.33346149613697146,
            "max": 1.117367181519512,
            "count": 7
        },
        "Hummingbird.Environment.EpisodeLength.mean": {
            "value": 187.8452380952381,
            "min": 173.47333333333333,
            "max": 187.8452380952381,
            "count": 7
        },
        "Hummingbird.Environment.EpisodeLength.sum": {
            "value": 31558.0,
            "min": 26021.0,
            "max": 31681.0,
            "count": 7
        },
        "Hummingbird.Environment.CumulativeReward.mean": {
            "value": 777.7298687392669,
            "min": 777.7298687392669,
            "max": 785.6221722650795,
            "count": 7
        },
        "Hummingbird.Environment.CumulativeReward.sum": {
            "value": 130658.61794819683,
            "min": 116411.1162109375,
            "max": 140626.36883544922,
            "count": 7
        },
        "Hummingbird.Policy.ExtrinsicReward.mean": {
            "value": 777.7298687392669,
            "min": 777.7298687392669,
            "max": 785.6221722650795,
            "count": 7
        },
        "Hummingbird.Policy.ExtrinsicReward.sum": {
            "value": 130658.61794819683,
            "min": 116411.1162109375,
            "max": 140626.36883544922,
            "count": 7
        },
        "Hummingbird.Policy.CuriosityReward.mean": {
            "value": 0.47921288168678683,
            "min": 0.2586454651849782,
            "max": 0.47921288168678683,
            "count": 7
        },
        "Hummingbird.Policy.CuriosityReward.sum": {
            "value": 80.50776412338018,
            "min": 38.53817431256175,
            "max": 80.50776412338018,
            "count": 7
        },
        "Hummingbird.IsTraining.mean": {
            "value": 1.0,
            "min": 1.0,
            "max": 1.0,
            "count": 7
        },
        "Hummingbird.IsTraining.sum": {
            "value": 1.0,
            "min": 1.0,
            "max": 1.0,
            "count": 7
        }
    },
    "metadata": {
        "timer_format_version": "0.1.0",
        "start_time_seconds": "1621269719",
        "python_version": "3.7.4 (tags/v3.7.4:e09359112e, Jul  8 2019, 20:34:20) [MSC v.1916 64 bit (AMD64)]",
        "command_line_arguments": "C:\\Users\\franc\\AppData\\Local\\Programs\\Python\\Python37\\Scripts\\mlagents-learn config\\hummingbird_torus\\pyramids_mem_immersive.yaml --initialize-from=2DTorusWithYaw.23 --run-id=2DTorusWithYaw.24.2",
        "mlagents_version": "0.26.0",
        "mlagents_envs_version": "0.26.0",
        "communication_protocol_version": "1.5.0",
        "pytorch_version": "1.7.1+cu110",
        "numpy_version": "1.20.1",
        "end_time_seconds": "1621270214"
    },
    "total": 495.08358580000004,
    "count": 1,
    "self": 0.008163599999988946,
    "children": {
        "run_training.setup": {
            "total": 0.12757799999999997,
            "count": 1,
            "self": 0.12757799999999997
        },
        "TrainerController.start_learning": {
            "total": 494.9478442,
            "count": 1,
            "self": 0.12045869999911929,
            "children": {
                "TrainerController._reset_env": {
                    "total": 9.9201482,
                    "count": 1,
                    "self": 9.9201482
                },
                "TrainerController.advance": {
                    "total": 484.7364208000009,
                    "count": 5798,
                    "self": 0.12416910000263215,
                    "children": {
                        "env_step": {
                            "total": 296.77471480000077,
                            "count": 5798,