{
    "name": "root",
    "gauges": {
        "Hummingbird.Policy.Entropy.mean": {
            "value": 3.239331007003784,
            "min": 3.2147579193115234,
            "max": 3.285745859146118,
            "count": 30
        },
        "Hummingbird.Policy.Entropy.sum": {
            "value": 31097.578125,
            "min": 29957.98046875,
            "max": 37851.79296875,
            "count": 30
        },
        "Hummingbird.Step.mean": {
            "value": 299968.0,
            "min": 9984.0,
            "max": 299968.0,
            "count": 30
        },
        "Hummingbird.Step.sum": {
            "value": 299968.0,
            "min": 9984.0,
            "max": 299968.0,
            "count": 30
        },
        "Hummingbird.Policy.ExtrinsicValueEstimate.mean": {
            "value": 3.070788860321045,
            "min": 0.35519200563430786,
            "max": 7.454373836517334,
            "count": 30
        },
        "Hummingbird.Policy.ExtrinsicValueEstimate.sum": {
            "value": 479.0430603027344,
            "min": 60.737831115722656,
            "max": 1162.88232421875,
            "count": 30
        },
        "Hummingbird.Losses.PolicyLoss.mean": {
            "value": 0.33905170085426006,
            "min": 0.21300145031926812,
            "max": 0.38032784524432844,
            "count": 30
        },
        "Hummingbird.Losses.PolicyLoss.sum": {
            "value": 2.3733619059798206,
            "min": 1.4910101522348769,
            "max": 2.778177884500474,
            "count": 30
        },
        "Hummingbird.Losses.ValueLoss.mean": {
            "value": 62.173312863912656,
            "min": 0.02212085044814524,
            "max": 72.01128817498684,
            "count": 30
        },
        "Hummingbird.Losses.ValueLoss.sum": {
            "value": 435.2131900473886,
            "min": 0.13272510268887144,
            "max": 504.0790172249079,
            "count": 30
        },
        "Hummingbird.Policy.LearningRate.mean": {
            "value": 0.0002911570315190857,
            "min": 0.0002911570315190857,
            "max": 0.0002998464000512,
            "count": 30
        },
        "Hummingbird.Policy.LearningRate.sum": {
            "value": 0.0020380992206335997,
            "min": 0.0017505216164927998,
            "max": 0.0023940672019775993,
            "count": 30
        },
        "Hummingbird.Policy.Epsilon.mean": {
            "value": 0.19705234285714288,
            "min": 0.19705234285714288,
            "max": 0.1999488,
            "count": 30
        },
        "Hummingbird.Policy.Epsilon.sum": {
            "value": 1.3793664,
            "min": 1.1835072000000004,
            "max": 1.5980224,
            "count": 30
        },
        "Hummingbird.Policy.Beta.mean": {
            "value": 0.029115997622857142,
            "min": 0.029115997622857142,
            "max": 0.029984645120000004,
            "count": 30
        },
        "Hummingbird.Policy.Beta.sum": {
            "value": 0.20381198336,
            "min": 0.17505380928,
            "max": 0.23940691776,
            "count": 30
        },
        "Hummingbird.IsTraining.mean": {
            "value": 1.0,
            "min": 1.0,
            "max": 1.0,
            "count": 30
        },
        "Hummingbird.IsTraining.sum": {
            "value": 1.0,
            "min": 1.0,
            "max": 1.0,
            "count": 30
        },
        "Hummingbird.Environment.EpisodeLength.mean": {
            "value": 799.0,
            "min": 799.0,
            "max": 799.0,
            "count": 13
        },
        "Hummingbird.Environment.EpisodeLength.sum": {
            "value": 23970.0,
            "min": 2397.0,
            "max": 23970.0,
            "count": 13
        },
        "Hummingbird.Environment.CumulativeReward.mean": {
            "value": 37.486704397201535,
            "min": -210.0,
            "max": 375.2708225250244,
            "count": 14
        },
        "Hummingbird.Environment.CumulativeReward.sum": {
            "value": 1124.6011319160461,
            "min": -210.0,
            "max": 2015.090871334076,
            "count": 14
        },
        "Hummingbird.Policy.ExtrinsicReward.mean": {
            "value": 37.486704397201535,
            "min": -210.0,
            "max": 375.2708225250244,
            "count": 14
        },
        "Hummingbird.Policy.ExtrinsicReward.sum": {
            "value": 1124.6011319160461,
            "min": -210.0,
            "max": 2015.090871334076,
            "count": 14
        }
    },
    "metadata": {
        "timer_format_version": "0.1.0",
        "start_time_seconds": "1621186942",
        "python_version": "3.7.4 (tags/v3.7.4:e09359112e, Jul  8 2019, 20:34:20) [MSC v.1916 64 bit (AMD64)]",
        "command_line_arguments": "C:\\Users\\franc\\AppData\\Local\\Programs\\Python\\Python37\\Scripts\\mlagents-learn config\\hummingbird_torus\\ppo128x3_mem.yaml --run-id=2DTorusWithYaw.5withFlowerColliderMultiplication",
        "mlagents_version": "0.26.0",
        "mlagents_envs_version": "0.26.0",
        "communication_protocol_version": "1.5.0",
        "pytorch_version": "1.7.1+cu110",
        "numpy_version": "1.20.1",
        "end_time_seconds": "1621187251"
    },
    "total": 308.4160635,
    "count": 1,
    "self": 0.00558139999998275,
    "children": {
        "run_training.setup": {
            "total": 0.11746470000000009,
            "count": 1,
            "self": 0.11746470000000009
        },
        "TrainerController.start_learning": {
            "total": 308.2930174,
            "count": 1,
            "self": 1.0279425000011315,
            "children": {
                "TrainerController._reset_env": {
                    "total": 7.822049600000001,
                    "count": 1,
                    "self": 7.822049600000001
                },
                "TrainerController.advance": {
                    "total": 299.27380619999883,
                    "count": 10261,
                    "self": 0.15070919999914167,
                    "children": {
                        "env_step": {
                            "total": 299.1230969999997,
                            "count": 10261,
                            "self": 213.4327464000017,
                            "children": {
                                "SubprocessEnvManager._take_step": {
                                    "total": 85.5347512999993,
                                    "count": 10261,
                                    "self": 1.1537771999987996,
                                    "children": {
                                        "TorchPolicy.evaluate": {
                                            "total": 84.3809741000005,
                                            "count": 10261,
                                            "self": 17.365858500000925,
                                            "children": {
                                                "TorchPolicy.sample_actions": {
                                                    "total": 67.01511559999958,
                                                    "count": 10261,
                                                    "self": 67.01511559999958
                                                }
                                            }
                                        }
                                    }
                                },
                                "workers": {
                                    "total": 0.15559929999868416,
                                    "count": 10260,
                                    "self": 0.0,
                                    "children": {
                                        "worker_root": {
                                            "total": 300.5010320000002,
                                            "count": 10260,
                                            "is_parallel": true,