{
    "name": "root",
    "gauges": {
        "Hummingbird.Policy.Entropy.mean": {
            "value": 3.2515199184417725,
            "min": 3.146021604537964,
            "max": 3.287787437438965,
            "count": 92
        },
        "Hummingbird.Policy.Entropy.sum": {
            "value": 34043.4140625,
            "min": 29574.62109375,
            "max": 37846.359375,
            "count": 92
        },
        "Hummingbird.Step.mean": {
            "value": 919989.0,
            "min": 9984.0,
            "max": 919989.0,
            "count": 92
        },
        "Hummingbird.Step.sum": {
            "value": 919989.0,
            "min": 9984.0,
            "max": 919989.0,
            "count": 92
        },
        "Hummingbird.Policy.ExtrinsicValueEstimate.mean": {
            "value": 1.4347388744354248,
            "min": -7.3126420974731445,
            "max": 9.538312911987305,
            "count": 92
        },
        "Hummingbird.Policy.ExtrinsicValueEstimate.sum": {
            "value": 245.34034729003906,
            "min": -1148.0848388671875,
            "max": 1497.51513671875,
            "count": 92
        },
        "Hummingbird.Losses.PolicyLoss.mean": {
            "value": 0.3369589781703393,
            "min": 0.21335769842481042,
            "max": 0.4115135973797392,
            "count": 92
        },
        "Hummingbird.Losses.PolicyLoss.sum": {
            "value": 2.6956718253627145,
            "min": 1.493503888973673,
            "max": 3.596764910423749,
            "count": 92
        },
        "Hummingbird.Losses.ValueLoss.mean": {
            "value": 22.736378462588483,
            "min": 0.2792320046986182,
            "max": 161.830362289462,
            "count": 92
        },
        "Hummingbird.Losses.ValueLoss.sum": {
            "value": 181.89102770070787,
            "min": 2.2338560375889456,
            "max": 1132.8125360262338,
            "count": 92
        },
        "Hummingbird.Policy.LearningRate.mean": {
            "value": 0.00027256641914453,
            "min": 0.00027256641914453,
            "max": 0.0002998464000512,
            "count": 92
        },
        "Hummingbird.Policy.LearningRate.sum": {
            "value": 0.00218053135315624,
            "min": 0.0016425178724940597,
            "max": 0.0026364154711948492,
            "count": 92
        },
        "Hummingbird.Policy.Epsilon.mean": {
            "value": 0.19085547,
            "min": 0.19085547,
            "max": 0.1999488,
            "count": 92
        },
        "Hummingbird.Policy.Epsilon.sum": {
            "value": 1.52684376,
            "min": 1.1475059399999998,
            "max": 1.7788051500000002,
            "count": 92
        },
        "Hummingbird.Policy.Beta.mean": {
            "value": 0.027257555453,
            "min": 0.027257555453,
            "max": 0.029984645120000004,
            "count": 92
        },
        "Hummingbird.Policy.Beta.sum": {
            "value": 0.218060443624,
            "min": 0.16425703140599998,
            "max": 0.263643664485,
            "count": 92
        },
        "Hummingbird.IsTraining.mean": {
            "value": 1.0,
            "min": 1.0,
            "max": 1.0,
            "count": 92
        },
        "Hummingbird.IsTraining.sum": {
            "value": 1.0,
            "min": 1.0,
            "max": 1.0,
            "count": 92
        },
        "Hummingbird.Environment.EpisodeLength.mean": {
            "value": 799.0,
            "min": 792.2333333333333,
            "max": 799.0,
            "count": 59
        },
        "Hummingbird.Environment.EpisodeLength.sum": {
            "value": 23171.0,
            "min": 799.0,
            "max": 23970.0,
            "count": 59
        },
        "Hummingbird.Environment.CumulativeReward.mean": {
            "value": 38.99414077503928,
            "min": -90.0,
            "max": 257.97620964050293,
            "count": 58
        },
        "Hummingbird.Environment.CumulativeReward.sum": {
            "value": 1130.830082476139,
            "min": -1359.8110237121582,
            "max": 3504.2918848991394,
            "count": 58
        },
        "Hummingbird.Policy.ExtrinsicReward.mean": {
            "value": 38.99414077503928,
            "min": -90.0,
            "max": 257.97620964050293,
            "count": 58
        },
        "Hummingbird.Policy.ExtrinsicReward.sum": {
            "value": 1130.830082476139,
            "min": -1359.8110237121582,
            "max": 3504.2918848991394,
            "count": 58
        }
    },
    "metadata": {
        "timer_format_version": "0.1.0",
        "start_time_seconds": "1621189008",
        "python_version": "3.7.4 (tags/v3.7.4:e09359112e, Jul  8 2019, 20:34:20) [MSC v.1916 64 bit (AMD64)]",
        "command_line_arguments": "C:\\Users\\franc\\AppData\\Local\\Programs\\Python\\Python37\\Scripts\\mlagents-learn config\\hummingbird_torus\\ppo128x3_mem.yaml --run-id=2DTorusWithYaw.8withFlowerColliderMultiplication",
        "mlagents_version": "0.26.0",
        "mlagents_envs_version": "0.26.0",
        "communication_protocol_version": "1.5.0",
        "pytorch_version": "1.7.1+cu110",
        "numpy_version": "1.20.1",
        "end_time_seconds": "1621189938"
    },
    "total": 929.9044653000001,
    "count": 1,
    "self": 0.005946800000060648,
    "children": {
        "run_training.setup": {
            "total": 0.12349910000000008,
            "count": 1,
            "self": 0.12349910000000008
        },
        "TrainerController.start_learning": {
            "total": 929.7750194,
            "count": 1,
            "self": 0.8202076999946257,
            "children": {
                "TrainerController._reset_env": {
                    "total": 6.8624259,
                    "count": 1,
                    "self": 6.8624259
                },
                "TrainerController.advance": {
                    "total": 921.9060424000055,
                    "count": 30943,
                    "self": 0.4798033000106443,
                    "children": {
                        "env_step": {
                            "total": 921.4262390999949,
                            "count": 30943,
                            "self": 655.8862583999924,
                            "children": {
                                "SubprocessEnvManager._take_step": {
                                    "total": 265.06137730000023,
                                    "count": 30943,
                                    "self": 3.5482469999913064,
                                    "children": {
                                        "TorchPolicy.evaluate": {
                                            "total": 261.5131303000089,
                                            "count": 30907,
                                            "self": 54.64894480000655,
                                            "children": {
                                                "TorchPolicy.sample_actions": {
                                                    "total": 206.86418550000238,
                                                    "count": 30907,
                                                    "self": 206.86418550000238
                                                }
                                            }
                                        }
                                    }
                                },
                                "workers": {
                                    "total": 0.47860340000219814,
                                    "count": 30942,
                                    "self": 0.0,
                                    "children": {
                                        "worker_root": {
                                            "total": 920.4274735000062,
                                            "count": 30942,
                                            "is_parallel": true,