{"count":1,"self":41.0888832,"total":50.546309199999996,"children":{"InitializeActuators":{"count":1,"self":0.0019944999999999997,"total":0.0019944999999999997,"children":null},"InitializeSensors":{"count":1,"self":0.015956599999999998,"total":0.015956599999999998,"children":null},"AgentSendState":{"count":2230,"self":8.9882151999999991,"total":9.3093158,"children":{"CollectObservations":{"count":446,"self":0.076772899999999991,"total":0.076772899999999991,"children":null},"WriteActionMask":{"count":446,"self":0.0009958,"total":0.0009958,"children":null},"RequestDecision":{"count":446,"self":0.24333169999999998,"total":0.24333169999999998,"children":null}}},"DecideAction":{"count":2230,"self":0.0349027,"total":0.0349027,"children":null},"AgentAct":{"count":2230,"self":0.094260799999999992,"total":0.094260799999999992,"children":null}},"gauges":{},"metadata":{"timer_format_version":"0.1.0","start_time_seconds":"1632405881","unity_version":"2020.3.13f1","command_line_arguments":"C:\\Program Files\\Unity\\Hub\\Editor\\2020.3.13f1\\Editor\\Unity.exe -projectpath D:\/Unity Hub Projects AI ML\/ma-unity\/mse-dreamscape -useHub -hubIPC -cloudEnvironment production -hubSessionId dcceae90-19f4-11ec-9d48-ffab3081b708 -accessToken 6sQqzWe4EDIRbmeWtH63Hw5GIxLJ2YqBPvKr6mpawTE008f","communication_protocol_version":"1.5.0","com.unity.ml-agents_version":"2.0.0-exp.1","scene_name":"run51_VoxelSpeedAgent","end_time_seconds":"1632405931"}}