{
    "name": "root",
    "gauges": {
        "Hummingbird.Policy.Entropy.mean": {
            "value": 1.5760595798492432,
            "min": 1.4232056140899658,
            "max": 1.5760595798492432,
            "count": 19
        },
        "Hummingbird.Policy.Entropy.sum": {
            "value": 15508.4267578125,
            "min": 13875.5107421875,
            "max": 15935.650390625,
            "count": 19
        },
        "Hummingbird.Step.mean": {
            "value": 189996.0,
            "min": 9984.0,
            "max": 189996.0,
            "count": 19
        },
        "Hummingbird.Step.sum": {
            "value": 189996.0,
            "min": 9984.0,
            "max": 189996.0,
            "count": 19
        },
        "Hummingbird.Policy.ExtrinsicValueEstimate.mean": {
            "value": -18.86268424987793,
            "min": -24.581396102905273,
            "max": -7.693482875823975,
            "count": 19
        },
        "Hummingbird.Policy.ExtrinsicValueEstimate.sum": {
            "value": -3998.88916015625,
            "min": -4645.8837890625,
            "max": -1200.183349609375,
            "count": 19
        },
        "Hummingbird.Losses.PolicyLoss.mean": {
            "value": 0.53053719892308,
            "min": 0.009465899532768248,
            "max": 0.5886252664897822,
            "count": 19
        },
        "Hummingbird.Losses.PolicyLoss.sum": {
            "value": 6.896983586000041,
            "min": 0.06626129672937774,
            "max": 7.652128464367168,
            "count": 19
        },
        "Hummingbird.Losses.ValueLoss.mean": {
            "value": 33.75348565778417,
            "min": 18.93785808351305,
            "max": 43.75017894398082,
            "count": 19
        },
        "Hummingbird.Losses.ValueLoss.sum": {
            "value": 438.79531355119417,
            "min": 169.58434490362805,
            "max": 489.0373021943701,
            "count": 19
        },
        "Hummingbird.Policy.LearningRate.mean": {
            "value": 0.00029445128492649536,
            "min": 0.00029445128492649536,
            "max": 0.0002998464000512,
            "count": 19
        },
        "Hummingbird.Policy.LearningRate.sum": {
            "value": 0.0038278667040444396,
            "min": 0.0020989248003584,
            "max": 0.0038395646001451395,
            "count": 19
        },
        "Hummingbird.Policy.Epsilon.mean": {
            "value": 0.19815042769230773,
            "min": 0.19815042769230773,
            "max": 0.1999488,
            "count": 19
        },
        "Hummingbird.Policy.Epsilon.sum": {
            "value": 2.5759555600000006,
            "min": 1.3996416,
            "max": 2.57985486,
            "count": 19
        },
        "Hummingbird.Policy.Beta.mean": {
            "value": 0.029445313264923077,
            "min": 0.029445313264923077,
            "max": 0.029984645119999997,
            "count": 19
        },
        "Hummingbird.Policy.Beta.sum": {
            "value": 0.382789072444,
            "min": 0.20989251584,
            "max": 0.38395847251400006,
            "count": 19
        },
        "Hummingbird.IsTraining.mean": {
            "value": 1.0,
            "min": 1.0,
            "max": 1.0,
            "count": 19
        },
        "Hummingbird.IsTraining.sum": {
            "value": 1.0,
            "min": 1.0,
            "max": 1.0,
            "count": 19
        },
        "Hummingbird.Environment.EpisodeLength.mean": {
            "value": 94.08571428571429,
            "min": 87.91150442477876,
            "max": 709.6521739130435,
            "count": 18
        },
        "Hummingbird.Environment.EpisodeLength.sum": {
            "value": 9879.0,
            "min": 9640.0,
            "max": 16322.0,
            "count": 18
        },
        "Hummingbird.Environment.CumulativeReward.mean": {
            "value": -47.757142858278186,
            "min": -355.3434779695843,
            "max": -44.97478256640227,
            "count": 18
        },
        "Hummingbird.Environment.CumulativeReward.sum": {
            "value": -5014.500000119209,
            "min": -8172.899993300438,
            "max": -4904.500000476837,
            "count": 18
        },
        "Hummingbird.Policy.ExtrinsicReward.mean": {
            "value": -47.757142858278186,
            "min": -355.3434779695843,
            "max": -44.97478256640227,
            "count": 18
        },
        "Hummingbird.Policy.ExtrinsicReward.sum": {
            "value": -5014.500000119209,
            "min": -8172.899993300438,
            "max": -4904.500000476837,
            "count": 18
        }
    },
    "metadata": {
        "timer_format_version": "0.1.0",
        "start_time_seconds": "1620906324",
        "python_version": "3.7.4 (tags/v3.7.4:e09359112e, Jul  8 2019, 20:34:20) [MSC v.1916 64 bit (AMD64)]",
        "command_line_arguments": "C:\\Users\\franc\\AppData\\Local\\Programs\\Python\\Python37\\Scripts\\mlagents-learn config\\hummingbirdBasic2D.yaml --run-id=hummingbird.2DRaycast --force",
        "mlagents_version": "0.26.0",
        "mlagents_envs_version": "0.26.0",
        "communication_protocol_version": "1.5.0",
        "pytorch_version": "1.7.1+cu110",
        "numpy_version": "1.20.1",
        "end_time_seconds": "1620906574"
    },
    "total": 250.330983,
    "count": 1,
    "self": 0.00628090000000725,
    "children": {
        "run_training.setup": {
            "total": 0.11853499999999995,
            "count": 1,
            "self": 0.11853499999999995
        },
        "TrainerController.start_learning": {
            "total": 250.2061671,
            "count": 1,
            "self": 0.2119264999994641,
            "children": {
                "TrainerController._reset_env": {
                    "total": 11.1589713,
                    "count": 1,
                    "self": 11.1589713
                },
                "TrainerController.advance": {
                    "total": 238.71546620000052,
                    "count": 11176,
                    "self": 0.2162862000018606,
                    "children": {
                        "env_step": {
                            "total": 110.91912149999939,
                            "count": 11176,
                            "self": 90.81527470000209,
                            "children": {
                                "SubprocessEnvManager._take_step": {
                                    "total": 19.969027399998275,
                                    "count": 11176,
                                    "self": 0.7503959999983891,
                                    "children": {
                                        "TorchPolicy.evaluate": {
                                            "total": 19.218631399999886,
                                            "count": 9924,
                                            "self": 5.6298580999991366,
                                            "children": {
                                                "TorchPolicy.sample_actions": {
                                                    "total": 13.58877330000075,
                                                    "count": 9924,
                                                    "self": 13.58877330000075
                                                }
                                            }
                                        }
                                    }
                                },
                                "workers": {
                                    "total": 0.1348193999990226,
                                    "count": 11175,
                                    "self": 0.0,
                                    "children": {
                                        "worker_root": {
                                            "total": 233.83325630000135,
                                            "count": 11175,