{"count":1,"self":30.4955328,"total":33.660441999999996,"children":{"InitializeActuators":{"count":1,"self":0.002064,"total":0.002064,"children":null},"InitializeSensors":{"count":1,"self":0.016998,"total":0.016998,"children":null},"AgentSendState":{"count":1435,"self":2.4190769999999997,"total":2.886062,"children":{"CollectObservations":{"count":287,"self":0.099466,"total":0.099466,"children":null},"WriteActionMask":{"count":287,"self":0.00059899999999999992,"total":0.00059899999999999992,"children":null},"RequestDecision":{"count":287,"self":0.36691999999999997,"total":0.36691999999999997,"children":null}}},"DecideAction":{"count":1435,"self":0.008254,"total":0.008254,"children":null},"AgentAct":{"count":1435,"self":0.24989799999999998,"total":0.24989799999999998,"children":null}},"gauges":{},"metadata":{"timer_format_version":"0.1.0","start_time_seconds":"1636731189","unity_version":"2020.3.13f1","command_line_arguments":".\/build\/agent.x86_64","communication_protocol_version":"1.5.0","com.unity.ml-agents_version":"2.0.0-exp.1","scene_name":"configLoader_v2","end_time_seconds":"1636731223"}}