{"count":1,"self":1.228454,"total":12.834878,"children":{"InitializeActuators":{"count":45,"self":0.011094,"total":0.011094,"children":null},"InitializeSensors":{"count":45,"self":0.0074589999999999995,"total":0.0074589999999999995,"children":null},"AgentSendState":{"count":1,"self":0.0062099999999999994,"total":0.018423,"children":{"CollectObservations":{"count":45,"self":0.00040699999999999997,"total":0.00040699999999999997,"children":null},"WriteActionMask":{"count":45,"self":0.000267,"total":0.000267,"children":null},"RequestDecision":{"count":45,"self":0.0037159999999999997,"total":0.011538999999999999,"children":{"AgentInfo.ToProto":{"count":45,"self":0.000972,"total":0.007823,"children":{"GenerateSensorData":{"count":45,"self":0.006357,"total":0.0068509999999999995,"children":{"RayPerceptionSensor.Perceive":{"count":45,"self":0.000494,"total":0.000494,"children":null}}}}}}}}},"DecideAction":{"count":1,"self":11.565299999999999,"total":11.565299999999999,"children":null},"AgentAct":{"count":1,"self":0.0018709999999999998,"total":0.0018709999999999998,"children":null}},"gauges":{},"metadata":{"timer_format_version":"0.1.0","start_time_seconds":"1622756114","unity_version":"2021.1.6f1","command_line_arguments":"\/host\/unity_builds\/run32_training\/run32_training.x86_64 --mlagents-port 5006","communication_protocol_version":"1.5.0","com.unity.ml-agents_version":"2.0.0-exp.1","scene_name":"2D_Torus_WithYaw","end_time_seconds":"1622756127"}}