{
    "name": "root",
    "gauges": {
        "Hummingbird.Policy.Entropy.mean": {
            "value": 1.9536107778549194,
            "min": 1.9233794212341309,
            "max": 3.2595932483673096,
            "count": 135
        },
        "Hummingbird.Policy.Entropy.sum": {
            "value": 59253.015625,
            "min": 57470.578125,
            "max": 107077.640625,
            "count": 135
        },
        "Hummingbird.Environment.EpisodeLength.mean": {
            "value": 280.53125,
            "min": 166.33152173913044,
            "max": 476.875,
            "count": 135
        },
        "Hummingbird.Environment.EpisodeLength.sum": {
            "value": 35908.0,
            "min": 21330.0,
            "max": 40476.0,
            "count": 135
        },
        "Hummingbird.Step.mean": {
            "value": 4049914.0,
            "min": 29980.0,
            "max": 4049914.0,
            "count": 135
        },
        "Hummingbird.Step.sum": {
            "value": 4049914.0,
            "min": 29980.0,
            "max": 4049914.0,
            "count": 135
        },
        "Hummingbird.Policy.ExtrinsicValueEstimate.mean": {
            "value": 167.4275665283203,
            "min": 4.333913803100586,
            "max": 167.4275665283203,
            "count": 135
        },
        "Hummingbird.Policy.ExtrinsicValueEstimate.sum": {
            "value": 48553.9921875,
            "min": 1170.15673828125,
            "max": 49417.61328125,
            "count": 135
        },
        "Hummingbird.Policy.CuriosityValueEstimate.mean": {
            "value": 0.7383797764778137,
            "min": 0.17338331043720245,
            "max": 0.7852537631988525,
            "count": 135
        },
        "Hummingbird.Policy.CuriosityValueEstimate.sum": {
            "value": 214.13014221191406,
            "min": 53.74882507324219,
            "max": 226.27127075195312,
            "count": 135
        },
        "Hummingbird.Environment.CumulativeReward.mean": {
            "value": 741.1422151167725,
            "min": 113.96734091236785,
            "max": 745.7298876148299,
            "count": 135
        },
        "Hummingbird.Environment.CumulativeReward.sum": {
            "value": 95607.34575006366,
            "min": 8433.58322751522,
            "max": 95982.43625440449,
            "count": 135
        },
        "Hummingbird.Policy.ExtrinsicReward.mean": {
            "value": 741.1422151167725,
            "min": 113.96734091236785,
            "max": 745.7298876148299,
            "count": 135
        },
        "Hummingbird.Policy.ExtrinsicReward.sum": {
            "value": 95607.34575006366,
            "min": 8433.58322751522,
            "max": 95982.43625440449,
            "count": 135
        },
        "Hummingbird.Policy.CuriosityReward.mean": {
            "value": 1.4608717832512172,
            "min": 0.20054691751657455,
            "max": 2.834589220848689,
            "count": 135
        },
        "Hummingbird.Policy.CuriosityReward.sum": {
            "value": 188.45246003940701,
            "min": 14.840471896226518,
            "max": 251.58935620635748,
            "count": 135
        },
        "Hummingbird.Losses.PolicyLoss.mean": {
            "value": 0.13824060282900064,
            "min": 0.1333448618197508,
            "max": 0.243420947760319,
            "count": 135
        },
        "Hummingbird.Losses.PolicyLoss.sum": {
            "value": 1.105924822632005,
            "min": 0.9725870102847693,
            "max": 2.1031740406169774,
            "count": 135
        },
        "Hummingbird.Losses.ValueLoss.mean": {
            "value": 273.1876169592142,
            "min": 84.07292425354349,
            "max": 725.2438530921936,
            "count": 135
        },
        "Hummingbird.Losses.ValueLoss.sum": {
            "value": 2185.5009356737137,
            "min": 504.437545521261,
            "max": 5801.950824737549,
            "count": 135
        },
        "Hummingbird.Policy.LearningRate.mean": {
            "value": 0.00017897539034155,
            "min": 0.00017897539034155,
            "max": 0.0002994561801812733,
            "count": 135
        },
        "Hummingbird.Policy.LearningRate.sum": {
            "value": 0.0014318031227324,
            "min": 0.0012651915382695799,
            "max": 0.0026717071594309495,
            "count": 135
        },
        "Hummingbird.Policy.Epsilon.mean": {
            "value": 0.15965845,
            "min": 0.15965845,
            "max": 0.1998187266666667,
            "count": 135
        },
        "Hummingbird.Policy.Epsilon.sum": {
            "value": 1.2772676,
            "min": 1.1217304200000002,
            "max": 1.7905690500000002,
            "count": 135
        },
        "Hummingbird.Policy.Beta.mean": {
            "value": 0.005969879155,
            "min": 0.005969879155,
            "max": 0.009981890794000001,
            "count": 135
        },
        "Hummingbird.Policy.Beta.sum": {
            "value": 0.04775903324,
            "min": 0.042200868957999994,
            "max": 0.089057848095,
            "count": 135
        },
        "Hummingbird.Losses.CuriosityForwardLoss.mean": {
            "value": 0.2602102409582585,
            "min": 0.060889566269906936,
            "max": 0.3468066906207241,
            "count": 135
        },
        "Hummingbird.Losses.CuriosityForwardLoss.sum": {
            "value": 2.081681927666068,
            "min": 0.46791252986109944,
            "max": 2.774453524965793,
            "count": 135
        },
        "Hummingbird.Losses.CuriosityInverseLoss.mean": {
            "value": 0.3554573630535742,
            "min": 0.3554573630535742,
            "max": 3.258022253463666,
            "count": 135
        },
        "Hummingbird.Losses.CuriosityInverseLoss.sum": {
            "value": 2.843658904428594,
            "min": 2.843658904428594,
            "max": 25.08500747382641,
            "count": 135
        },
        "Hummingbird.IsTraining.mean": {
            "value": 1.0,
            "min": 1.0,
            "max": 1.0,
            "count": 135
        },
        "Hummingbird.IsTraining.sum": {
            "value": 1.0,
            "min": 1.0,
            "max": 1.0,
            "count": 135
        }
    },
    "metadata": {
        "timer_format_version": "0.1.0",
        "start_time_seconds": "1621273320",
        "python_version": "3.7.4 (tags/v3.7.4:e09359112e, Jul  8 2019, 20:34:20) [MSC v.1916 64 bit (AMD64)]",
        "command_line_arguments": "C:\\Users\\franc\\AppData\\Local\\Programs\\Python\\Python37\\Scripts\\mlagents-learn config\\hummingbird_torus\\pyramids_mem_immersive.yaml --run-id=2DTorusWithYaw.25.1",
        "mlagents_version": "0.26.0",
        "mlagents_envs_version": "0.26.0",
        "communication_protocol_version": "1.5.0",
        "pytorch_version": "1.7.1+cu110",
        "numpy_version": "1.20.1",
        "end_time_seconds": "1621281924"
    },
    "total": 8604.0661356,
    "count": 1,
    "self": 0.009960299999875133,
    "children": {
        "run_training.setup": {
            "total": 0.10787249999999993,
            "count": 1,
            "self": 0.10787249999999993
        },
        "TrainerController.start_learning": {
            "total": 8603.9483028,
            "count": 1,
            "self": 2.1033990000105405,
            "children": {
                "TrainerController._reset_env": {
                    "total": 11.7252672,
                    "count": 1,
                    "self": 11.7252672
                },
                "TrainerController.advance": {
                    "total": 8589.97466899999,
                    "count": 101307,
                    "self": 2.1930530001009174,
                    "children": {
                        "env_step": {
                            "total": 4966.169804600056,
                            "count": 101307,