{
    "name": "root",
    "gauges": {
        "Hummingbird.Policy.Entropy.mean": {
            "value": 3.098721981048584,
            "min": 3.098721981048584,
            "max": 3.2743935585021973,
            "count": 6
        },
        "Hummingbird.Policy.Entropy.sum": {
            "value": 92682.7734375,
            "min": 92682.7734375,
            "max": 100982.296875,
            "count": 6
        },
        "Hummingbird.Step.mean": {
            "value": 179987.0,
            "min": 29944.0,
            "max": 179987.0,
            "count": 6
        },
        "Hummingbird.Step.sum": {
            "value": 179987.0,
            "min": 29944.0,
            "max": 179987.0,
            "count": 6
        },
        "Hummingbird.Policy.ExtrinsicValueEstimate.mean": {
            "value": 64.67253875732422,
            "min": 8.163224220275879,
            "max": 64.67253875732422,
            "count": 6
        },
        "Hummingbird.Policy.ExtrinsicValueEstimate.sum": {
            "value": 33112.33984375,
            "min": 3844.87841796875,
            "max": 33112.33984375,
            "count": 6
        },
        "Hummingbird.Losses.PolicyLoss.mean": {
            "value": 0.3546470414658914,
            "min": 0.3546470414658914,
            "max": 0.47211103277869887,
            "count": 6
        },
        "Hummingbird.Losses.PolicyLoss.sum": {
            "value": 10.28476420251085,
            "min": 6.517133118331226,
            "max": 12.356829908438359,
            "count": 6
        },
        "Hummingbird.Losses.ValueLoss.mean": {
            "value": 980.6905878110864,
            "min": 206.33921010443282,
            "max": 994.8373428085704,
            "count": 6
        },
        "Hummingbird.Losses.ValueLoss.sum": {
            "value": 28440.027046521507,
            "min": 3095.0881515664923,
            "max": 29845.12028425711,
            "count": 6
        },
        "Hummingbird.Policy.LearningRate.mean": {
            "value": 0.00020099066058933105,
            "min": 0.00020099066058933105,
            "max": 0.00029115516294828,
            "count": 6
        },
        "Hummingbird.Policy.LearningRate.sum": {
            "value": 0.0058287291570906005,
            "min": 0.0043673274442242,
            "max": 0.007395626234791399,
            "count": 6
        },
        "Hummingbird.Policy.Epsilon.mean": {
            "value": 0.166996875862069,
            "min": 0.166996875862069,
            "max": 0.19705172000000007,
            "count": 6
        },
        "Hummingbird.Policy.Epsilon.sum": {
            "value": 4.842909400000001,
            "min": 2.955775800000001,
            "max": 5.370326600000001,
            "count": 6
        },
        "Hummingbird.Policy.Beta.mean": {
            "value": 0.02010236307103448,
            "min": 0.02010236307103448,
            "max": 0.029115810828,
            "count": 6
        },
        "Hummingbird.Policy.Beta.sum": {
            "value": 0.5829685290599999,
            "min": 0.43673716242,
            "max": 0.73960605914,
            "count": 6
        },
        "Hummingbird.Environment.EpisodeLength.mean": {
            "value": 325.2526315789474,
            "min": 325.2526315789474,
            "max": 932.4901960784314,
            "count": 6
        },
        "Hummingbird.Environment.EpisodeLength.sum": {
            "value": 30899.0,
            "min": 5042.0,
            "max": 47557.0,
            "count": 6
        },
        "Hummingbird.Environment.CumulativeReward.mean": {
            "value": 798.6145833333334,
            "min": 513.6666666666666,
            "max": 799.0,
            "count": 6
        },
        "Hummingbird.Environment.CumulativeReward.sum": {
            "value": 76667.0,
            "min": 3082.0,
            "max": 76667.0,
            "count": 6
        },
        "Hummingbird.Policy.ExtrinsicReward.mean": {
            "value": 798.6145833333334,
            "min": 513.6666666666666,
            "max": 799.0,
            "count": 6
        },
        "Hummingbird.Policy.ExtrinsicReward.sum": {
            "value": 76667.0,
            "min": 3082.0,
            "max": 76667.0,
            "count": 6
        },
        "Hummingbird.IsTraining.mean": {
            "value": 1.0,
            "min": 1.0,
            "max": 1.0,
            "count": 6
        },
        "Hummingbird.IsTraining.sum": {
            "value": 1.0,
            "min": 1.0,
            "max": 1.0,
            "count": 6
        }
    },
    "metadata": {
        "timer_format_version": "0.1.0",
        "start_time_seconds": "1621244003",
        "python_version": "3.7.4 (tags/v3.7.4:e09359112e, Jul  8 2019, 20:34:20) [MSC v.1916 64 bit (AMD64)]",
        "command_line_arguments": "C:\\Users\\franc\\AppData\\Local\\Programs\\Python\\Python37\\Scripts\\mlagents-learn config\\hummingbird_torus\\ppo128x2_mem.yaml --run-id=2DTorusWithYaw.18.newmovement",
        "mlagents_version": "0.26.0",
        "mlagents_envs_version": "0.26.0",
        "communication_protocol_version": "1.5.0",
        "pytorch_version": "1.7.1+cu110",
        "numpy_version": "1.20.1",
        "end_time_seconds": "1621244249"
    },
    "total": 246.1236984,
    "count": 1,
    "self": 0.005442000000016378,
    "children": {
        "run_training.setup": {
            "total": 0.1348277000000001,
            "count": 1,
            "self": 0.1348277000000001
        },
        "TrainerController.start_learning": {
            "total": 245.9834287,
            "count": 1,
            "self": 0.6295122000006756,
            "children": {
                "TrainerController._reset_env": {
                    "total": 8.0320159,
                    "count": 1,
                    "self": 8.0320159
                },
                "TrainerController.advance": {
                    "total": 237.16550049999933,
                    "count": 6732,
                    "self": 0.08909999999943352,
                    "children": {
                        "env_step": {
                            "total": 237.0764004999999,
                            "count": 6732,
                            "self": 187.85757340000043,
                            "children": {
                                "SubprocessEnvManager._take_step": {
                                    "total": 49.12260510000023,
                                    "count": 6732,
                                    "self": 0.637183799998688,
                                    "children": {
                                        "TorchPolicy.evaluate": {
                                            "total": 48.48542130000154,
                                            "count": 6404,
                                            "self": 8.803293100002492,
                                            "children": {
                                                "TorchPolicy.sample_actions": {
                                                    "total": 39.68212819999905,
                                                    "count": 6404,
                                                    "self": 39.68212819999905
                                                }
                                            }
                                        }
                                    }
                                },
                                "workers": {
                                    "total": 0.09622199999924419,
                                    "count": 6731,
                                    "self": 0.0,
                                    "children": {
                                        "worker_root": {
                                            "total": 238.38519899999986,
                                            "count": 6731,
                                            "is_parallel": true,
                                            "self": 67.36428199999997,