{
    "name": "root",
    "metadata": {
        "timer_format_version": "0.1.0",
        "start_time_seconds": "1624263867",
        "python_version": "3.7.4 (tags/v3.7.4:e09359112e, Jul  8 2019, 20:34:20) [MSC v.1916 64 bit (AMD64)]",
        "command_line_arguments": "C:\\Users\\franc\\AppData\\Local\\Programs\\Python\\Python37\\Scripts\\mlagents-learn config\\hummingbird_torus\\explorer-drone.yaml --env ..\\builds\\drone\\drone --run-id=ExplorerDrone.5 --width=1280 --height=720 --inference --resume --time-scale=3",
        "mlagents_version": "0.26.0",
        "mlagents_envs_version": "0.26.0",
        "communication_protocol_version": "1.5.0",
        "pytorch_version": "1.7.1+cu110",
        "numpy_version": "1.20.1",
        "end_time_seconds": "1624263937"
    },
    "total": 70.4850062,
    "count": 1,
    "self": 4.33742389999999,
    "children": {
        "run_training.setup": {
            "total": 0.11801949999999994,
            "count": 1,
            "self": 0.11801949999999994
        },
        "TrainerController.start_learning": {
            "total": 66.02956280000001,
            "count": 1,
            "self": 0.033228800000117076,
            "children": {
                "TrainerController._reset_env": {
                    "total": 5.0074205,
                    "count": 1,
                    "self": 5.0074205
                },
                "TrainerController.advance": {
                    "total": 60.98891169999988,
                    "count": 1854,
                    "self": 0.03307549999975379,
                    "children": {
                        "env_step": {
                            "total": 60.736135999999995,
                            "count": 1854,
                            "self": 57.0556039000003,
                            "children": {
                                "SubprocessEnvManager._take_step": {
                                    "total": 3.6592771999998,
                                    "count": 1854,
                                    "self": 0.09198349999968691,
                                    "children": {
                                        "TorchPolicy.evaluate": {
                                            "total": 3.5672937000001133,
                                            "count": 1854,
                                            "self": 0.882067200000237,
                                            "children": {
                                                "TorchPolicy.sample_actions": {
                                                    "total": 2.6852264999998763,
                                                    "count": 1854,
                                                    "self": 2.6852264999998763
                                                }
                                            }
                                        }
                                    }
                                },
                                "workers": {
                                    "total": 0.021254899999892274,
                                    "count": 1853,
                                    "self": 0.0,
                                    "children": {
                                        "worker_root": {
                                            "total": 62.3003396000002,
                                            "count": 1853,
                                            "is_parallel": true,
                                            "self": 6.530296300000323,
                                            "children": {
                                                "steps_from_proto": {
                                                    "total": 0.00029300000000009874,
                                                    "count": 1,
                                                    "is_parallel": true,
                                                    "self": 0.0001230000000003173,
                                                    "children": {
                                                        "_process_rank_one_or_two_observation": {
                                                            "total": 0.00016999999999978144,
                                                            "count": 2,
                                                            "is_parallel": true,
                                                            "self": 0.00016999999999978144
                                                        }
                                                    }
                                                },
                                                "UnityEnvironment.step": {
                                                    "total": 55.76975029999988,
                                                    "count": 1853,
                                                    "is_parallel": true,
                                                    "self": 0.12755620000000079,
                                                    "children": {
                                                        "UnityEnvironment._generate_step_input": {
                                                            "total": 0.09161149999994311,
                                                            "count": 1853,
                                                            "is_parallel": true,
                                                            "self": 0.09161149999994311
                                                        },
                                                        "communicator.exchange": {
                                                            "total": 55.213647099999925,
                                                            "count": 1853,
                                                            "is_parallel": true,
                                                            "self": 55.213647099999925
                                                        },
                                                        "steps_from_proto": {
                                                            "total": 0.3369355000000125,
                                                            "count": 1853,
                                                            "is_parallel": true,
                                                            "self": 0.17554770000004005,
                                                            "children": {
                                                                "_process_rank_one_or_two_observation": {
                                                                    "total": 0.16138779999997244,
                                                                    "count": 3706,
                                                                    "is_parallel": true,
                                                                    "self": 0.16138779999997244
                                                                }
                                                            }
                                                        }
                                                    }
                                                }
                                            }
                                        }
                                    }
                                }
                            }
                        },
                        "trainer_advance": {
                            "total": 0.21970020000013601,
                            "count": 1853,
                            "self": 0.017579500000062254,
                            "children": {
                                "process_trajectory": {
                                    "total": 0.20212070000007376,
                                    "count": 1853,