{
    "name": "root",
    "gauges": {
        "Hummingbird.Policy.Entropy.mean": {
            "value": 3.254580497741699,
            "min": 3.220789909362793,
            "max": 3.28680682182312,
            "count": 22
        },
        "Hummingbird.Policy.Entropy.sum": {
            "value": 32610.896484375,
            "min": 30699.27734375,
            "max": 37864.015625,
            "count": 22
        },
        "Hummingbird.Step.mean": {
            "value": 219940.0,
            "min": 9984.0,
            "max": 219940.0,
            "count": 22
        },
        "Hummingbird.Step.sum": {
            "value": 219940.0,
            "min": 9984.0,
            "max": 219940.0,
            "count": 22
        },
        "Hummingbird.Policy.ExtrinsicValueEstimate.mean": {
            "value": 2.7382164001464844,
            "min": 0.8669184446334839,
            "max": 9.737189292907715,
            "count": 22
        },
        "Hummingbird.Policy.ExtrinsicValueEstimate.sum": {
            "value": 438.1146240234375,
            "min": 135.23927307128906,
            "max": 1519.00146484375,
            "count": 22
        },
        "Hummingbird.Losses.PolicyLoss.mean": {
            "value": 0.2893459139967642,
            "min": 0.2624884189496731,
            "max": 0.42176982106210686,
            "count": 22
        },
        "Hummingbird.Losses.PolicyLoss.sum": {
            "value": 2.3147673119741135,
            "min": 1.7383080377760862,
            "max": 3.3792065066751094,
            "count": 22
        },
        "Hummingbird.Losses.ValueLoss.mean": {
            "value": 72.73067788844152,
            "min": 4.654634683051073,
            "max": 293.68083454842764,
            "count": 22
        },
        "Hummingbird.Losses.ValueLoss.sum": {
            "value": 581.8454231075322,
            "min": 41.89171214745966,
            "max": 1762.0850072905657,
            "count": 22
        },
        "Hummingbird.Policy.LearningRate.mean": {
            "value": 0.00017094004302,
            "min": 0.00017094004302,
            "max": 0.000296928001024,
            "count": 22
        },
        "Hummingbird.Policy.LearningRate.sum": {
            "value": 0.00136752034416,
            "min": 0.0011237701254100002,
            "max": 0.0021833382722205993,
            "count": 22
        },
        "Hummingbird.Policy.Epsilon.mean": {
            "value": 0.15698,
            "min": 0.15698,
            "max": 0.198976,
            "count": 22
        },
        "Hummingbird.Policy.Epsilon.sum": {
            "value": 1.25584,
            "min": 0.8745900000000002,
            "max": 1.5277794000000005,
            "count": 22
        },
        "Hummingbird.Policy.Beta.mean": {
            "value": 0.017098302,
            "min": 0.017098302,
            "max": 0.0296929024,
            "count": 22
        },
        "Hummingbird.Policy.Beta.sum": {
            "value": 0.136786416,
            "min": 0.112389541,
            "max": 0.21834104206000005,
            "count": 22
        },
        "Hummingbird.IsTraining.mean": {
            "value": 1.0,
            "min": 1.0,
            "max": 1.0,
            "count": 22
        },
        "Hummingbird.IsTraining.sum": {
            "value": 1.0,
            "min": 1.0,
            "max": 1.0,
            "count": 22
        },
        "Hummingbird.Environment.EpisodeLength.mean": {
            "value": 799.0,
            "min": 586.5,
            "max": 799.0,
            "count": 16
        },
        "Hummingbird.Environment.EpisodeLength.sum": {
            "value": 4794.0,
            "min": 1173.0,
            "max": 23970.0,
            "count": 16
        },
        "Hummingbird.Environment.CumulativeReward.mean": {
            "value": 37.85452175140381,
            "min": 37.85452175140381,
            "max": 387.941468556722,
            "count": 16
        },
        "Hummingbird.Environment.CumulativeReward.sum": {
            "value": 302.83617401123047,
            "min": 302.83617401123047,
            "max": 4334.990905761719,
            "count": 16
        },
        "Hummingbird.Policy.ExtrinsicReward.mean": {
            "value": 37.85452175140381,
            "min": 37.85452175140381,
            "max": 387.941468556722,
            "count": 16
        },
        "Hummingbird.Policy.ExtrinsicReward.sum": {
            "value": 302.83617401123047,
            "min": 302.83617401123047,
            "max": 4334.990905761719,
            "count": 16
        }
    },
    "metadata": {
        "timer_format_version": "0.1.0",
        "start_time_seconds": "1621242285",
        "python_version": "3.7.4 (tags/v3.7.4:e09359112e, Jul  8 2019, 20:34:20) [MSC v.1916 64 bit (AMD64)]",
        "command_line_arguments": "C:\\Users\\franc\\AppData\\Local\\Programs\\Python\\Python37\\Scripts\\mlagents-learn config\\hummingbird_torus\\ppo128x2_mem.yaml --run-id=2DTorusWithYaw.14",
        "mlagents_version": "0.26.0",
        "mlagents_envs_version": "0.26.0",
        "communication_protocol_version": "1.5.0",
        "pytorch_version": "1.7.1+cu110",
        "numpy_version": "1.20.1",
        "end_time_seconds": "1621242506"
    },
    "total": 221.1606745,
    "count": 1,
    "self": 0.007239499999997179,
    "children": {
        "run_training.setup": {
            "total": 0.12028559999999999,
            "count": 1,
            "self": 0.12028559999999999
        },
        "TrainerController.start_learning": {
            "total": 221.0331494,
            "count": 1,
            "self": 0.9235636000004774,
            "children": {
                "TrainerController._reset_env": {
                    "total": 13.4025127,
                    "count": 1,
                    "self": 13.4025127
                },
                "TrainerController.advance": {
                    "total": 206.5366473999995,
                    "count": 7604,
                    "self": 0.09918379999874105,
                    "children": {
                        "env_step": {
                            "total": 206.43746360000077,
                            "count": 7604,
                            "self": 139.43488350000064,
                            "children": {
                                "SubprocessEnvManager._take_step": {
                                    "total": 66.8894146999998,
                                    "count": 7604,
                                    "self": 0.7907851999999878,
                                    "children": {
                                        "TorchPolicy.evaluate": {
                                            "total": 66.09862949999982,
                                            "count": 7521,
                                            "self": 11.508894800000903,
                                            "children": {
                                                "TorchPolicy.sample_actions": {
                                                    "total": 54.589734699998914,
                                                    "count": 7521,
                                                    "self": 54.589734699998914
                                                }
                                            }
                                        }
                                    }
                                },
                                "workers": {
                                    "total": 0.1131654000003195,
                                    "count": 7603,
                                    "self": 0.0,
                                    "children": {
                                        "worker_root": {
                                            "total": 207.6258477000003,
                                            "count": 7603,
                                            "is_parallel": true,
                                            "self": 107.80298410000053,