{
    "name": "root",
    "metadata": {
        "timer_format_version": "0.1.0",
        "start_time_seconds": "1620822493",
        "python_version": "3.7.4 (tags/v3.7.4:e09359112e, Jul  8 2019, 20:34:20) [MSC v.1916 64 bit (AMD64)]",
        "command_line_arguments": "C:\\Users\\franc\\AppData\\Local\\Programs\\Python\\Python37\\Scripts\\mlagents-learn config\\hummingbird1.yaml --run-id=HB-moveToFlowerBasic --force",
        "mlagents_version": "0.26.0",
        "mlagents_envs_version": "0.26.0",
        "communication_protocol_version": "1.5.0",
        "pytorch_version": "1.7.1+cu110",
        "numpy_version": "1.20.1",
        "end_time_seconds": "1620822514"
    },
    "total": 20.692118999999998,
    "count": 1,
    "self": 0.006673799999997954,
    "children": {
        "run_training.setup": {
            "total": 0.1242588,
            "count": 1,
            "self": 0.1242588
        },
        "TrainerController.start_learning": {
            "total": 20.5611864,
            "count": 1,
            "self": 0.007541399999979603,
            "children": {
                "TrainerController._reset_env": {
                    "total": 6.4584534,
                    "count": 1,
                    "self": 6.4584534
                },
                "TrainerController.advance": {
                    "total": 13.99124310000002,
                    "count": 432,
                    "self": 0.007594100000041237,
                    "children": {
                        "env_step": {
                            "total": 4.5621741999999825,
                            "count": 432,
                            "self": 3.4021408999999476,
                            "children": {
                                "SubprocessEnvManager._take_step": {
                                    "total": 1.1551232000000313,
                                    "count": 432,
                                    "self": 0.02240490000003703,
                                    "children": {
                                        "TorchPolicy.evaluate": {
                                            "total": 1.1327182999999943,
                                            "count": 421,
                                            "self": 0.17700130000000414,
                                            "children": {
                                                "TorchPolicy.sample_actions": {
                                                    "total": 0.9557169999999902,
                                                    "count": 421,
                                                    "self": 0.9557169999999902
                                                }
                                            }
                                        }
                                    }
                                },
                                "workers": {
                                    "total": 0.004910100000003581,
                                    "count": 431,
                                    "self": 0.0,
                                    "children": {
                                        "worker_root": {
                                            "total": 14.979400399999978,
                                            "count": 431,
                                            "is_parallel": true,
                                            "self": 12.08237809999998,
                                            "children": {
                                                "steps_from_proto": {
                                                    "total": 0.0005923000000001011,
                                                    "count": 1,
                                                    "is_parallel": true,
                                                    "self": 0.0001426000000028793,
                                                    "children": {
                                                        "_process_rank_one_or_two_observation": {
                                                            "total": 0.00044969999999722177,
                                                            "count": 8,
                                                            "is_parallel": true,
                                                            "self": 0.00044969999999722177
                                                        }
                                                    }
                                                },
                                                "UnityEnvironment.step": {
                                                    "total": 2.896429999999998,
                                                    "count": 431,
                                                    "is_parallel": true,
                                                    "self": 0.07361070000000858,
                                                    "children": {
                                                        "UnityEnvironment._generate_step_input": {
                                                            "total": 0.08152710000002639,
                                                            "count": 431,
                                                            "is_parallel": true,
                                                            "self": 0.08152710000002639
                                                        },
                                                        "communicator.exchange": {
                                                            "total": 2.5244129999999716,
                                                            "count": 431,
                                                            "is_parallel": true,
                                                            "self": 2.5244129999999716
                                                        },
                                                        "steps_from_proto": {
                                                            "total": 0.21687919999999128,
                                                            "count": 431,
                                                            "is_parallel": true,
                                                            "self": 0.05914790000000281,
                                                            "children": {
                                                                "_process_rank_one_or_two_observation": {
                                                                    "total": 0.15773129999998847,
                                                                    "count": 3448,
                                                                    "is_parallel": true,
                                                                    "self": 0.15773129999998847
                                                                }
                                                            }
                                                        }
                                                    }
                                                }
                                            }
                                        }
                                    }
                                }
                            }
                        },
                        "trainer_advance": {
                            "total": 9.421474799999997,
                            "count": 431,
                            "self": 0.012177200000001775,
                            "children": {
                                "process_trajectory": {
                                    "total": 0.20114489999998142,
                                    "count": 431,
                                    "self": 0.20114489999998142
                                },