{
    "name": "root",
    "gauges": {
        "SoccerTwos.Policy.Entropy.mean": {
            "value": 3.214738368988037,
            "min": 3.214738368988037,
            "max": 3.295729398727417,
            "count": 16
        },
        "SoccerTwos.Policy.Entropy.sum": {
            "value": 64397.640625,
            "min": 7363.55322265625,
            "max": 105463.34375,
            "count": 16
        },
        "SoccerTwos.Environment.EpisodeLength.mean": {
            "value": 827.4285714285714,
            "min": 620.1428571428571,
            "max": 999.0,
            "count": 16
        },
        "SoccerTwos.Environment.EpisodeLength.sum": {
            "value": 23168.0,
            "min": 11392.0,
            "max": 30724.0,
            "count": 16
        },
        "SoccerTwos.Self-play.ELO.mean": {
            "value": 1201.3891971612954,
            "min": 1198.6747973559925,
            "max": 1201.3891971612954,
            "count": 15
        },
        "SoccerTwos.Self-play.ELO.sum": {
            "value": 4805.556788645182,
            "min": 2398.5014391117093,
            "max": 11998.472391146628,
            "count": 15
        },
        "SoccerTwos.Step.mean": {
            "value": 159660.0,
            "min": 9378.0,
            "max": 159660.0,
            "count": 16
        },
        "SoccerTwos.Step.sum": {
            "value": 159660.0,
            "min": 9378.0,
            "max": 159660.0,
            "count": 16
        },
        "SoccerTwos.Policy.ExtrinsicBaselineEstimate.mean": {
            "value": -0.020522598177194595,
            "min": -0.020522598177194595,
            "max": 0.007561615668237209,
            "count": 16
        },
        "SoccerTwos.Policy.ExtrinsicBaselineEstimate.sum": {
            "value": -0.26679378747940063,
            "min": -0.26679378747940063,
            "max": 0.11342423409223557,
            "count": 16
        },
        "SoccerTwos.Policy.ExtrinsicValueEstimate.mean": {
            "value": -0.004322744905948639,
            "min": -0.004322744905948639,
            "max": 0.00707200774922967,
            "count": 16
        },
        "SoccerTwos.Policy.ExtrinsicValueEstimate.sum": {
            "value": -0.056195683777332306,
            "min": -0.056195683777332306,
            "max": 0.09444698691368103,
            "count": 16
        },
        "SoccerTwos.Environment.CumulativeReward.mean": {
            "value": 0.0,
            "min": 0.0,
            "max": 0.0,
            "count": 16
        },
        "SoccerTwos.Environment.CumulativeReward.sum": {
            "value": 0.0,
            "min": 0.0,
            "max": 0.0,
            "count": 16
        },
        "SoccerTwos.Policy.ExtrinsicReward.mean": {
            "value": 0.0,
            "min": -0.35714285714285715,
            "max": 0.36363636363636365,
            "count": 16
        },
        "SoccerTwos.Policy.ExtrinsicReward.sum": {
            "value": 0.0,
            "min": -5.0,
            "max": 4.0,
            "count": 16
        },
        "SoccerTwos.Environment.GroupCumulativeReward.mean": {
            "value": 0.0,
            "min": -0.35714285714285715,
            "max": 0.36363636363636365,
            "count": 16
        },
        "SoccerTwos.Environment.GroupCumulativeReward.sum": {
            "value": 0.0,
            "min": -5.0,
            "max": 4.0,
            "count": 16
        },
        "SoccerTwos.IsTraining.mean": {
            "value": 1.0,
            "min": 1.0,
            "max": 1.0,
            "count": 16
        },
        "SoccerTwos.IsTraining.sum": {
            "value": 1.0,
            "min": 1.0,
            "max": 1.0,
            "count": 16
        },
        "SoccerTwos.Losses.PolicyLoss.mean": {
            "value": 0.016252828573730463,
            "min": 0.011677255637672109,
            "max": 0.02269059329337324,
            "count": 7
        },
        "SoccerTwos.Losses.PolicyLoss.sum": {
            "value": 0.016252828573730463,
            "min": 0.011677255637672109,
            "max": 0.02269059329337324,
            "count": 7
        },
        "SoccerTwos.Losses.ValueLoss.mean": {
            "value": 0.005329704331234098,
            "min": 0.0023179086778933804,
            "max": 0.006372339325025678,
            "count": 7
        },
        "SoccerTwos.Losses.ValueLoss.sum": {
            "value": 0.005329704331234098,
            "min": 0.0023179086778933804,
            "max": 0.006372339325025678,
            "count": 7
        },
        "SoccerTwos.Losses.BaselineLoss.mean": {
            "value": 0.005582251438560585,
            "min": 0.0023902629773753384,
            "max": 0.006438992382027209,
            "count": 7
        },
        "SoccerTwos.Losses.BaselineLoss.sum": {
            "value": 0.005582251438560585,
            "min": 0.0023902629773753384,
            "max": 0.006438992382027209,
            "count": 7
        },
        "SoccerTwos.Policy.LearningRate.mean": {
            "value": 0.0003,
            "min": 0.0003,
            "max": 0.0003,
            "count": 7
        },
        "SoccerTwos.Policy.LearningRate.sum": {
            "value": 0.0003,
            "min": 0.0003,
            "max": 0.0003,
            "count": 7
        },
        "SoccerTwos.Policy.Epsilon.mean": {
            "value": 0.20000000000000007,
            "min": 0.20000000000000007,
            "max": 0.20000000000000007,
            "count": 7
        },
        "SoccerTwos.Policy.Epsilon.sum": {
            "value": 0.20000000000000007,
            "min": 0.20000000000000007,
            "max": 0.20000000000000007,
            "count": 7
        },
        "SoccerTwos.Policy.Beta.mean": {
            "value": 0.005000000000000001,
            "min": 0.005000000000000001,
            "max": 0.005000000000000001,
            "count": 7
        },
        "SoccerTwos.Policy.Beta.sum": {
            "value": 0.005000000000000001,
            "min": 0.005000000000000001,
            "max": 0.005000000000000001,
            "count": 7
        }
    },
    "metadata": {
        "timer_format_version": "0.1.0",
        "start_time_seconds": "1619689296",
        "python_version": "3.7.4 (tags/v3.7.4:e09359112e, Jul  8 2019, 20:34:20) [MSC v.1916 64 bit (AMD64)]",
        "command_line_arguments": "C:\\Users\\franc\\AppData\\Local\\Programs\\Python\\Python37\\Scripts\\mlagents-learn config/poca/SoccerTwos.yaml --run-id=soccertwos1 --force",
        "mlagents_version": "0.26.0",
        "mlagents_envs_version": "0.26.0",
        "communication_protocol_version": "1.5.0",
        "pytorch_version": "1.7.1+cu110",
        "numpy_version": "1.20.1",
        "end_time_seconds": "1619690216"
    },
    "total": 919.6850811999999,
    "count": 1,
    "self": 0.006461399999807327,
    "children": {
        "run_training.setup": {
            "total": 0.1129365,
            "count": 1,
            "self": 0.1129365
        },
        "TrainerController.start_learning": {
            "total": 919.5656833,
            "count": 1,
            "self": 0.22622419999322574,
            "children": {
                "TrainerController._reset_env": {
                    "total": 11.6699392,
                    "count": 1,
                    "self": 11.6699392
                },
                "TrainerController.advance": {
                    "total": 907.3984941000068,
                    "count": 10573,
                    "self": 0.243584100013436,
                    "children": {
                        "env_step": {
                            "total": 796.0793938999963,
                            "count": 10573,
                            "self": 144.96243290000234,
                            "children": {
                                "SubprocessEnvManager._take_step": {
                                    "total": 650.9646566999958,
                                    "count": 10573,